{
  "gida_guvenligi_temelleri": {
    "baslik": "Gıda Güvenliği Temel Prensipleri",
    "icerik": "Gıda güvenliği, tarladan sofraya kadar tüm aşamalarda gıdaların sağlıklı ve güvenli kalmasını sağlamaktır. HACCP (Tehlike Analizi Kritik Kontrol Noktaları) sistemi bu konuda en etkili yöntemdir.\n\nEZBER BİLGİ: HACCP 7 prensip ve 12 adımdan oluşur. Temel amaç önleyici tedbirlerle riskleri kontrol altına almaktır."
  },

  "haccp_sistemi": {
    "baslik": "HACCP Sistemi ve Uygulama",
    "icerik": "HACCP, gıda güvenliği risklerini belirlemek ve kontrol etmek için kullanılan bilimsel bir sistemdir.\n\n7 TEMEL PRENSİP:\n1. Tehlike analizi\n2. Kritik kontrol noktaları (CCP)\n3. Kritik limitler\n4. İzleme prosedürleri\n5. Düzeltici faaliyetler\n6. Doğrulama\n7. Dokümantasyon\n\nEZBER BİLGİ: CCP'ler pişirme, soğutma, depolama gibi riskin kontrol edilebileceği noktalardır."
  },

  "haccp_kritik_noktalar": {
    "baslik": "HACCP Kritik Kontrol Noktaları (CCP'ler)",
    "icerik": "HACCP sistemindeki kritik kontrol noktaları:\n\nCCP'LER (Kritik Kontrol Noktaları):\n1. PİŞİRME: 75°C iç sıcaklık\n2. SOĞUTMA: 60°C → 21°C (2 saat), 21°C → 5°C (4 saat)\n3. ISITMA: 75°C üstü\n4. DEPOLAMA: Soğuk 0-4°C, Sıcak 60°C üstü\n\nKAYIT ZORUNLULUKLARI:\n• Sıcaklık kayıtları\n• Temizlik kayıtları\n• Personel eğitim kayıtları\n• Tedarikçi belgeleri\n• Müşteri şikayet kayıtları\n\nEZBER BİLGİ: HACCP kayıtları en az 1 yıl saklanmalıdır."
  },

  "stok_yonetimi": {
    "baslik": "Stok Rotasyonu ve FIFO Sistemi",
    "icerik": "FIFO (First In First Out - İlk Giren İlk Çıkar) sistemi gıda israfını önler ve tazeliği garanti eder.\n\nUYGULAMA ADIMLARI:\n1. Yeni ürünler arkaya/alta\n2. Eski ürünler öne/üste\n3. Net etiketleme (tarih, içerik)\n4. Düzenli kontrol\n\nETİKET BİLGİLERİ:\n• Üretim/teslim tarihi\n• Son kullanma tarihi\n• İçerik bilgisi\n• Hazırlayan personel\n\nEZBER BİLGİ: Son kullanma tarihi geçmiş ürünler derhal imha edilmelidir."
  },

  "gida_alerjileri": {
    "baslik": "Gıda Alerjileri ve Anafilaksi Yönetimi",
    "icerik": "Gıda alerjileri hayatı tehdit edebilir. Kritik 8 alerjen ve yönetimi:\n\nBİRİNCİL 8 ALERJEN:\n1. SÜT ✓\n2. YUMURTA ✓\n3. YER FISTIĞI ✓\n4. FINDIK-CEVİZ ✓\n5. BALIK ✓\n6. KABUKLU DENİZ ÜRÜNLERİ ✓\n7. SOYA ✓\n8. BUĞDAY/GLUTEN ✓\n\nANAFİLAKSİ BELİRTİLERİ:\n• Nefes darlığı, hırıltı\n• Dil/boğaz şişmesi\n• Kurdeşen, kaşıntı\n• Bayılma, tansiyon düşüşü\n\nACİL MÜDAHALE:\n• EPİNEFRİN oto-enjektörü\n• 112'yi ara\n• Sırt üstü yatır\n\nÇAPRAZ KONTAMİNASYON ÖNLEMLERİ:\n• Ayrı kesme tahtaları\n• Ayrı mutfak aletleri\n• Temizlik sonrası dezenfeksiyon\n• Personel eğitimi\n• Menü etiketleme\n\nEZBER BİLGİ: Yer fıstığı alerjisi en ölümcül alerjidir! Çapraz kontaminasyonu önleme zorunludur."
  },

  "soguk_zincir": {
    "baslik": "Soğuk Zincir ve Taşıma Kuralları",
    "icerik": "Soğuk zincir kırılmamalı!\n\nKRİTİK SICAKLIKLAR:\n• TAŞIMA: Soğuk 0-4°C, Dondurulmuş -18°C\n• DEPOLAMA: Aynı sıcaklıklar\n• KONTROL: Günlük termometre okuma\n\nSOĞUK ZİNCİR KIRILMASI:\n• 4 saatten fazla 5-60°C arasında kalan gıda İMHA\n• Donmuş gıda çözülürse TEKRAR DONDURMA\n• Sıcaklık kayıtları 6 ay saklama\n\nTAŞIMA KURALLARI:\n• Temiz araçlar\n• Sıcak-soğuk ayrımı\n• Hızlı yükleme-boşaltma\n• Termometre kontrolleri\n\nEZBER BİLGİ: Soğuk zincir kırılırsa gıdalar 4 saat içinde tüketilmeli veya imha edilmelidir."
  },

  "gida_kaynakli_hastaliklar": {
    "baslik": "Gıda Kaynaklı Hastalıklar ve Korunma",
    "icerik": "En sık görülen gıda zehirlenmeleri:\n\nBOTULİZM (CLOSTRIDIUM BOTULINUM):\n• Kaynak: Konserveler, vakumlu paketler\n• Belirti: Çift görme, felç, solunum durması\n• Önlem: Konserve kontrolü, uygun ısıl işlem\n\nŞİGELLA (BAKTERİYEL DİZANTERİ):\n• Kaynak: Kirli su, hijyen eksikliği\n• Belirti: Kanlı ishal, ateş\n• Önlem: El hijyeni, temiz su\n\nBRUSELLA:\n• Kaynak: Pastörize edilmemiş süt ürünleri\n• Belirti: Dalgalı ateş, eklem ağrısı\n• Önlem: Pastörizasyon\n\nVİBRİO:\n• Kaynak: Çiğ deniz ürünleri\n• Belirti: Şiddetli ishal, kusma\n• Önlem: İyi pişirme\n\nEZBER BİLGİ: Konserve kapakları bombeli ise ASLA tüketmeyin! Botulizm riski vardır."
  },

  "tedarikci_yonetimi": {
    "baslik": "Tedarikçi Yönetimi ve Kalite Kontrol",
    "icerik": "Güvenilir tedarikçiler gıda güvenliğinin temelidir.\n\nTEDARİKÇİ SEÇİM KRİTERLERİ:\n• Gıda güvenliği sertifikaları\n• Düzenli denetim raporları\n• Kalite kontrol sistemleri\n• Hijyen standartları\n\nMAL KABUL PROSEDÜRLERİ:\n• Sıcaklık kontrolü\n• Son kullanma tarihi kontrolü\n• Ambalaj bütünlüğü\n• Kalite kontrol kayıtları\n\nREDDETME KRİTERLERİ:\n• Sıcaklık uyumsuzluğu\n• Son kullanma tarihi geçmiş\n• Hasar görmüş ambalaj\n• Uygun olmayan depolama\n\nEZBER BİLGİ: Tedarikçiler yılda en az 1 kez denetlenmelidir."
  },

  "is_sagligi_temelleri": {
    "baslik": "İş Sağlığı ve Güvenliği Temelleri",
    "icerik": "İşyerinde herkesin sağlık ve güvenliğinden işveren ve çalışanlar birlikte sorumludur.\n\nTEMEL PRENSİPLER:\n• Risk değerlendirmesi\n• Önleyici tedbirler\n• Eğitim ve bilgilendirme\n• Acil durum planları\n• Düzenli denetim\n\nEZBER BİLGİ: İş kazalarının %88'i güvenli olmayan davranışlardan kaynaklanır."
  },

  "yangin_guvenligi": {
    "baslik": "Yangın Önleme ve Güvenlik",
    "icerik": "Mutfaklar yangın riskinin yüksek olduğu alanlardır.\n\nYANGIN ÇIKARAN FAKTÖRLER:\n• Aşırı ısınan yağlar\n• Elektrik aşırı yüklenmesi\n• Egzoz filtrelerinde yağ birikimi\n• Açık alevler\n\nÖNLEME TEDBİRLERİ:\n• Düzenli temizlik\n• Elektrik kontrolleri\n• Yangın söndürücü bulundurma\n• Acil çıkışları açık tutma\n\nEZBER BİLGİ: Yağ yangınlarında ASLA su kullanılmaz. Yangın battaniyesi veya karbondioksit söndürücü kullanılır."
  },

  "kimyasal_guvenlik": {
    "baslik": "Kimyasal Madde Güvenliği",
    "icerik": "Temizlik kimyasalları uygun kullanılmazsa sağlık riski oluşturur.\n\nKİMYASAL TÜRLERİ:\n• Aşındırıcılar: Cilt ve göze zarar\n• Yanıcılar: Ateşle temasında alev alır\n• Toksikler: Zehirleyici etki\n• Tahriş ediciler: Cilt ve solunum yolu tahrişi\n\nGÜVENLİ KULLANIM:\n• Etiket okuma\n• Koruyucu ekipman\n• Uygun saklama\n• Gıdalardan ayrı tutma\n\nEZBER BİLGİ: Kimyasallar asla orijinal kapları dışında saklanmamalıdır."
  },

  "kesici_alet_guvenligi": {
    "baslik": "Kesici Aletlerle Çalışma Güvenliği",
    "icerik": "Bıçak ve kesici alet kazaları mutfaklarda sık görülür.\n\nGÜVENLİ KULLANIM KURALLARI:\n• Keskin bıçak kullan (kör bıçak daha tehlikeli)\n• Kesme yönü vücuttan uzak\n• Uygun kesme tahtası kullan\n• Taşınırken kılıfında taşı\n• Yıkarken ayrı yıka\n\nELEKTRİKLİ ALETLER:\n• Güç kabloları düzgün\n• Temizlik öncesi elektrik kes\n• İtici alet kullan\n\nEZBER BİLGİ: Bıçak düşerken ASLA tutmaya çalışılmamalıdır."
  },

  "kisisel_koruyucu_ekipman": {
    "baslik": "Kişisel Koruyucu Ekipman (KKD)",
    "icerik": "Doğru KKD kullanımı iş kazalarını önemli ölçüde azaltır.\n\nTEMEL KKD'LER:\n• İş ayakkabısı: Kaymaz tabanlı, kapalı burun\n• Önlük: Su geçirmez, temiz\n• Eldiven: Sıcak malzeme, kesici alet, kimyasal için farklı türler\n• Koruyucu gözlük: Sıçramalara karşı\n• Maske: Toz ve buharlara karşı\n\nEZBER BİLGİ: KKD'ler düzenli kontrol edilmeli, hasarlı olanlar değiştirilmelidir."
  },

  "ilk_yardim": {
    "baslik": "İlk Yardım ve Acil Müdahale",
    "icerik": "Temel ilk yardım bilgisi hayat kurtarıcıdır.\n\nİLK YARDIM ÇANTASI İÇERİĞİ:\n• Steril pansumanlar\n• Yapışkan bantlar\n• Makas, cımbız\n• Eldiven, maske\n• Temizleme mendilleri\n• Yanık pansumanı\n\nACİL DURUMLAR:\n• Kesikler: Temizle, baskı uygula\n• Yanıklar: Soğuk su, steril örtü\n• Bayılma: Ayakları yukarı kaldır\n• Zehirlenme: 112'yi ara\n\nEZBER BİLGİ: Kanamalarda temiz eldiven kullan, yaraya direkt baskı uygula."
  },

  "ergonomi": {
    "baslik": "Ergonomi ve Doğru Çalışma Pozisyonları",
    "icerik": "Yanlış pozisyonlar kas-iskelet problemlerine neden olur.\n\nDOĞRU POZİSYONLAR:\n• Ağır kaldırma: Dizlerden çök, sırt düz\n• Ayakta durma: Anti-yorgunluk matı kullan\n• Kesme işlemi: Doğru yükseklikte tezgah\n• Tekrarlayan hareketler: Molalar ver\n\nÖNLEMLER:\n• Düzenli egzersiz\n• Doğru ayakkabı\n• Yeterli dinlenme\n• Ergonomik ekipman\n\nEZBER BİLGİ: Ağırlık kaldırırken asla belden eğilme, her zaman dizlerden çök."
  },

  "acil_durum_prosedurleri": {
    "baslik": "Acil Durum Prosedürleri",
    "icerik": "Acil durumlarda hızlı ve doğru müdahale hayat kurtarır.\n\nACİL DURUMLAR:\n• Gıda zehirlenmesi şüphesi\n• Yangın\n• Elektrik kesintisi\n• Su kesintisi\n• Haşere istilası\n\nMÜDAHALE PROSEDÜRLERİ:\n• 112'yi ara\n• Müşterileri bilgilendir\n• Gıdaları izole et\n• Kayıt tut\n• Yetkililere bildir\n\nGERİ ÇAĞIRMA PROSEDÜRÜ:\n• Parti numarası tespiti\n• Müşteri listesi oluşturma\n• Resmi makamlara bildirim\n• Halka duyuru\n\nEZBER BİLGİ: Gıda zehirlenmesi şüphesinde derhal sağlık müdürlüğüne bildirim yapılmalıdır."
  }
}