{
  "kisisel_hijyen_temelleri": {
    "baslik": "Kişisel Hijyenin Temel Kuralları",
    "icerik": "Kişisel hijyen, sağlığı korumak ve hastalıkların yayılmasını önlemek için uyduğumuz temizlik kurallarıdır. Vücut temizliği, el bakımı, uygun kıyafet seçimi ve sağlıklı alışkanlıkları içerir. Gıda sektöründe çalışanlar için hijyen sadece kişisel sağlık değil, aynı zamanda müşterilerin güvenliği için de hayati öneme sahiptir.\n\nEZBER BİLGİ: Her gün duş, temiz kıyafet, kısa tırnaklar temel hijyen üçlüsüdür."
  },

  "el_hijyeni_detay": {
    "baslik": "El Hijyeni ve Doğru Yıkama Tekniği",
    "icerik": "Eller en fazla mikroorganizma taşıyan vücut bölümüdür. Doğru el yıkama gıda kaynaklı hastalıkların %40'ını önler.\n\nYIKAMA ADIMLARI:\n1. Ilık suyla eller ıslatılır\n2. Yeterli sabun alınır\n3. En az 20 saniye ovulur (avuç içi, parmak araları, tırnak uçları, bilekler)\n4. Durulanır\n5. Kağıt havluyla kurulanır\n\nEZBER BİLGİ: Tuvalet sonrası, yemek öncesi, çiğ gıda teması sonrası mutlaka el yıkanmalı."
  },

  "is_giyim_kurallari": {
    "baslik": "İş Yerinde Giyim Standartları",
    "icerik": "Gıda işletmelerinde kıyafet seçimi kontaminasyon riskini azaltmak için kritiktir.\n\nZORUNLU UYGULAMALAR:\n• Açık renkli, temiz üniforma\n• Saç filesi/tullesi (tüm saçı kapatacak)\n• Ağız-burun maskesi\n• Özel iş ayakkabısı\n• Mücevher, saat, yüzük YASAK\n\nEZBER BİLGİ: İş kıyafetleri dışarıda giyilmez, sadece belirlenen alanlarda değiştirilir."
  },

  "hastalik_durumlari": {
    "baslik": "Hastalık Durumlarında Çalışma Kuralları",
    "icerik": "Bazı hastalık belirtileri görüldüğünde işe gelinmemeli veya hemen ayrılınmalıdır.\n\nÇALIŞMAYACAK DURUMLAR:\n• Ateş (38°C üstü)\n• İshal\n• Kusma\n• Sarılık belirtileri\n• Açık yara/enfeksiyon\n\nEZBER BİLGİ: Ateşli boğaz ağrısı olan personel en az 48 saat işe gelemez."
  },

  "calsima_alani_kurallari": {
    "baslik": "Çalışma Alanında Hijyen Kuralları",
    "icerik": "Gıda işleme alanlarında uyulması gereken kritik kurallar:\n\nYASAKLAR:\n• Doğrudan elle yüksek riskli gıda teması\n• Eldivenle farklı yüzeylere dokunma\n• Çalışırken yemek-içmek\n• Sigara içmek\n• Cep telefonu kullanmak\n\nZORUNLULUKLAR:\n• Eldiven 30 dakikada bir değişir\n• Hapşırırken yiyecekten uzaklaşılır\n• Açık yaralar su geçirmez bandajla kapatılır"
  },

  "su_guvenligi": {
    "baslik": "Su Güvenliği ve Kullanımı",
    "icerik": "Temiz su kullanımı hijyen için kritiktir.\n\nGÜVENLİ SU KULLANIMI:\n• Şebeke suyu kullanılmalı\n• Depo suyu klorlanmalı\n• Su filtreleri düzenli değiştirilmeli\n• Buz yapımında temiz su kullanılmalı\n\nEZBER BİLGİ: Buz da gıdadır! Buz yapımında kirli su kullanılmaz."
  },

  "hijyen_egitimi": {
    "baslik": "Hijyen Eğitimi ve Denetim",
    "icerik": "Düzenli hijyen eğitimi ve denetim şarttır.\n\nEĞİTİM KONULARI:\n• Kişisel hijyen\n• El yıkama teknikleri\n• Temizlik prosedürleri\n• Alerjen yönetimi\n• Acil durum prosedürleri\n\nDENETİM NOKTALARI:\n• El yıkama istasyonları\n• Sıcaklık kontrolleri\n• Temizlik kayıtları\n• Personel sağlık kontrolleri\n\nEZBER BİLGİ: Hijyen eğitimi yılda en az 1 kez tüm personele verilmelidir."
  },

  "temizlik_dezenfeksiyon": {
    "baslik": "Temizlik ve Dezenfeksiyon Farkı",
    "icerik": "Temizlik görünür kirin, dezenfeksiyon görünmeyen mikroorganizmaların yok edilmesidir.\n\n6 AŞAMALI TEMİZLİK:\n1. Ön temizlik (görünür kir)\n2. Ana temizlik (deterjanlı)\n3. Durulama\n4. Dezenfeksiyon\n5. Son durulama\n6. Kurutma\n\nEZBER BİLGİ: Temizlik olmadan dezenfeksiyon etkisizdir. Önce temizlik, sonra dezenfeksiyon yapılır."
  },

  "yuzey_temizligi": {
    "baslik": "Yüzey Temizliği ve 4 Aşamalı Yöntem",
    "icerik": "Hızlı ve etkili yüzey temizliği için:\n\n4 ADIM:\n1. Görünür artıkları temizle\n2. Dezenfektan uygula ve ov\n3. Temas süresini bekle (30 sn-5 dk)\n4. Kurumaya bırak\n\nÖNEMLİ: Gıda temas yüzeyleri her kullanım sonrası, diğer yüzeyler günde 2-3 kez temizlenmeli."
  },

  "alet_temizligi": {
    "baslik": "Alet ve Ekipman Temizliği",
    "icerik": "Mutfak aletlerinin temizliği çapraz kontaminasyonu önler.\n\nÜÇ LEĞEN YÖNTEMİ:\n1. Leğen: Sıcak su + deterjan (50°C)\n2. Leğen: Durulama suyu\n3. Leğen: Dezenfektanlı su\n\nİKİ LEĞEN YÖNTEMİ (küçük işletmeler):\n1. Temizlik + durulama\n2. Dezenfeksiyon\n\nEZBER BİLGİ: Bıçak sapları ve kesme tahtası olukları en çok bakteri biriken yerlerdir."
  },

  "bulasik_yikama_teknikleri": {
    "baslik": "Bulaşık Yıkama Yöntemleri",
    "icerik": "Bulaşık yıkama için iki temel yöntem kullanılır:\n\nMAKİNEDE YIKAMA:\n• Sıcaklık: 60-65°C yıkama, 82-85°C durulama\n• Kimyasal: Özel bulaşık makinesi deterjanı\n• Kontrol: Makine sıcaklık ve zaman ayarları\n\nELDE YIKAMA (3 LEĞEN):\n1. LEĞEN: Sıcak su + deterjan (45-50°C)\n2. LEĞEN: Temiz sıcak su ile durulama\n3. LEĞEN: Dezenfektanlı su (30 saniye bekletme)\n\nKURUTMA:\n• Doğal kurutma rafları\n• Temiz havlu ile kurulama (riskli)\n• Hava ile kurutma (tercih edilen)\n\nEZBER BİLGİ: Bulaşık makinesi durulama suyu 82°C olmalıdır. Bu sıcaklık dezenfeksiyon sağlar."
  },

  "sebze_dezenfeksiyonu": {
    "baslik": "Sebze Yıkama ve Dezenfeksiyonu",
    "icerik": "Sebzeler pestisit, toprak ve mikroorganizma taşıyabilir.\n\nDOĞRU YÖNTEM:\n1. Akan suda yıka\n2. Özel fırçayla ov\n3. Dezenfektan solüsyonunda beklet\n4. İyice durula\n5. Kurut\n\nEZBER BİLGİ: Yeşil yapraklı sebzeler en riskli gruptur. Yaprak araları iyi temizlenmeli."
  },

  "hasere_kontrolu": {
    "baslik": "Haşere Kontrolü ve Önleme",
    "icerik": "Haşereler gıda, nem ve sıcaklık nedeniyle işletmelere gelir.\n\nYAYGIN HAŞERELER:\n• Hamam böcekleri\n• Karıncalar\n• Sinekler\n• Kemirgenler\n\nÖNLEME YÖNTEMLERİ:\n• Kapı-pencere telleri\n• Düzenli temizlik\n• Gıdaları kapalı tutma\n• Çöp alanını temiz tutma\n\nEZBER BİLGİ: Bir hamam böceği 33 farklı bakteri türü taşıyabilir."
  },

  "eldiven_kullanimi": {
    "baslik": "Doğru Eldiven Kullanımı",
    "icerik": "Eldiven yanlış kullanıldığında güvenlik yerine risk oluşturur.\n\nELDİVEN KURALLARI:\n• Takmadan önce eller yıkanır\n• 30 dakikada bir değiştirilir\n• Farklı işler arasında değiştirilir\n• Çiğ-pişmiş gıda arasında değiştirilir\n• Eldivenle yüzeylere dokunulmaz\n\nEZBER BİLGİ: Eldiven mikroorganizmaların üremesi için ideal ortamdır. Uzun süre kullanılmamalı."
  },

  "cig_pismis_ayrimi": {
    "baslik": "Çiğ-Pişmiş Gıda Ayrımı",
    "icerik": "Çapraz kontaminasyonun en sık görüldüğü alandır.\n\nÖNLEMLER:\n• Farklı kesme tahtaları kullan\n• Farklı bıçaklar kullan\n• Elleri ve aletleri temizle\n• Pişmiş gıdayı çiğ gıda alanına koyma\n• Soğuk zinciri koru\n\nEZBER BİLGİ: Tavuk ve kırmızı et en riskli çiğ gıdalardır. Pişmiş gıdalarla teması kesinlikle önlenmeli."
  },

  "sicaklik_kontrolu": {
    "baslik": "Sıcaklık Kontrolü ve Soğuk Zincir",
    "icerik": "Mikroorganizmalar 5°C-60°C arasında hızla çoğalır.\n\nGÜVENLİ SICAKLIK ARALIKLARI:\n• Buzdolabı: 0-4°C\n• Derin dondurucu: -18°C altı\n• Pişirme: 75°C üstü\n• Sıcak tutma: 60°C üstü\n\nEZBER BİLGİ: 4 saatten fazla 5-60°C arasında kalan gıdalar tüketilmemelidir."
  },

  "atık_yonetimi": {
    "baslik": "Atık Yönetimi ve Depolama",
    "icerik": "Atıklar haşere çekerek hijyen riski oluşturur.\n\nATIK YÖNETİMİ KURALLARI:\n• Kapaklı çöp kutuları kullan\n• Günlük boşalt\n• Çöp alanını temiz tut\n• Geri dönüşümü ayır\n• Sıvı atıkları süz\n\nEZBER BİLGİ: Çöp kutuları gıda hazırlama alanlarından en az 3 metre uzakta olmalıdır."
  },

  "bakteri_cesitleri": {
    "baslik": "Gıda Kaynaklı Bakteri Türleri ve Özellikleri",
    "icerik": "Gıda zehirlenmelerine neden olan başlıca bakteri türleri ve özellikleri:\n\n1. SALMONELLA\n• Kaynak: Kümes hayvanları, yumurta, süt\n• Belirtiler: Ateş, ishal, karın ağrısı (12-72 saat)\n• Önlem: 75°C'de pişirme, çiğ-pişmiş ayrımı\n\n2. LISTERIA MONOCYTOGENES\n• Kaynak: Pastörize edilmemiş süt, peynir, hazır gıdalar\n• Risk Grup: Hamileler, yaşlılar, bağışıklığı düşükler\n• Özellik: Buzdolabı sıcaklığında (+4°C) bile çoğalabilir\n• Önlem: Pastörizasyon, hızlı tüketim\n\n3. ESCHERICHIA COLI (E. COLI)\n• Kaynak: Çiğ et, pastörize edilmemiş süt, kirli su\n• Belirti: Kanlı ishal, böbrek yetmezliği\n• Önlem: İyi pişirme, el hijyeni\n\n4. CAMPYLOBACTER\n• Kaynak: Kümes hayvanları (%80 tavuk)\n• Belirti: Şiddetli karın ağrısı, ishal\n• Önlem: Tavuk eti iyi pişirme, çapraz kontaminasyon önleme\n\n5. STAPHYLOCOCCUS AUREUS\n• Kaynak: İnsan burun-boğazı, deri yaraları\n• Özellik: Pişirmeyle ölmez, toksin oluşturur\n• Önlem: Eldiven kullanımı, yara bandajı\n\nEZBER BİLGİ: Bakteriler 5°C-60°C TEHLİKE BÖLGESİ'nde her 20 dakikada bir ikiye katlanır!"
  },

  "virus_mantar_parazitler": {
    "baslik": "Virüs, Mantar ve Parazit Tehlikeleri",
    "icerik": "Bakteriler dışındaki mikroorganizmalar:\n\nVİRÜSLER:\n• NOROVİRUS: Kusma, ishal (en yaygın)\n• HEPATİT A: Sarılık, karaciğer iltihabı\n• Bulaşma: Kirli eller, kontamine su\n• Önlem: El hijyeni, temiz su\n\nMANTARLAR:\n• KÜFLER: Ekmek, peynir, meyve\n• MAYA: Bozulma belirtisi\n• Önlem: Küflü gıdaları atma\n\nPARAZİTLER:\n• GIARDIA: Kirli su, çiğ sebze\n• CRYPTOSPORIDIUM: Hayvan dışkısı\n• Önlem: Sebze yıkama, su filtresi\n\nEZBER BİLGİ: Norovirüs bir kişiden 1000 kişiye bulaşabilir! El yıkama en etkili korunma."
  },

  "temizlik_kimyasallari": {
    "baslik": "Temizlik Kimyasalları ve Dozaj",
    "icerik": "Doğru kimyasal kullanımı:\n\nKİMYASAL TÜRLERİ:\n• DETERJAN: Yağ ve kiri çözer\n• DEZENFEKTAN: Mikroorganizmaları öldürür\n• SANİTİZER: Yüzeydeki mikrobu azaltır\n\nKONSANTRASYON ÖNEMİ:\n• Az doz: Etkisiz\n• Fazla doz: Toksik, kalıntı riski\n• Talimatlara uygun seyreltme\n\nKULLANIM SIRASI:\n1. Önce deterjanla temizle\n2. Durula\n3. Dezenfektan uygula\n4. Temas süresi bekle\n5. Gerekirse durula\n\nEZBER BİLGİ: Çamaşır suyu (sodyum hipoklorit) asla amonyakla karıştırılmaz! Zehirli gaz oluşur."
  }
}