{
  "gida_guvenligi_temelleri": {
    "baslik": "خوراک کی حفاظت کے بنیادی اصول",
    "icerik": "خوراک کی حفاظت کا مطلب ہے کھیت سے لے کر دسترخوان تک تمام مراحل میں خوراک کو صحت مند اور محفوظ رکھنا۔ HACCP (خطرے کا تجزیہ نازک کنٹرول پوائنٹس) کا نظام اس سلسلے میں سب سے زیادہ موثر طریقہ ہے۔\n\nیاد رکھنے والی بات: HACCP 7 اصولوں اور 12 مراحل پر مشتمل ہے۔ بنیادی مقصد حفاظتی اقدامات سے خطرات پر قابو پانا ہے۔"
  },

  "haccp_sistemi": {
    "baslik": "HACCP نظام اور اطلاق",
    "icerik": "HACCP، خوراک کی حفاظت کے خطرات کی شناخت اور کنٹرول کے لیے استعمال ہونے والا ایک سائنسی نظام ہے۔\n\n7 بنیادی اصول:\n1. خطرہ کا تجزیہ\n2. نازک کنٹرول پوائنٹس (CCP)\n3. نازک حدود\n4. نگرانی کے طریقہ کار\n5. درست کرنے والی کارروائیاں\n6. تصدیق\n7. دستاویزات\n\nیاد رکھنے والی بات: CCP وہ مقامات ہیں جہاں خطرے پر قابو پایا جا سکتا ہے، جیسے کہ کھانا پکانا، ٹھنڈا کرنا، ذخیرہ اندوزی۔"
  },

  "haccp_kritik_noktalar": {
    "baslik": "HACCP نازک کنٹرول پوائنٹس (CCP)",
    "icerik": "HACCP نظام میں نازک کنٹرول پوائنٹس:\n\nCCP's (نازک کنٹرول پوائنٹس):\n1. کھانا پکانا: 75°C اندرونی درجہ حرارت\n2. ٹھنڈا کرنا: 60°C → 21°C (2 گھنٹے), 21°C → 5°C (4 گھنٹے)\n3. دوبارہ گرم کرنا: 75°C سے اوپر\n4. ذخیرہ اندوزی: سرد 0-4°C، گرم 60°C سے اوپر\n\nریکارڈ کی پابندیاں:\n• درجہ حرارت کے ریکارڈ\n• صفائی کے ریکارڈ\n• عملے کی تربیت کے ریکارڈ\n• سپلائر کی دستاویزات\n• گاہک کی شکایات کے ریکارڈ\n\nیاد رکھنے والی بات: HACCP کے ریکارڈ کم از کم 1 سال تک محفوظ کیے جانے چاہئیں۔"
  },

  "stok_yonetimi": {
    "baslik": "ذخیرہ کا انتظام اور FIFO نظام",
    "icerik": "FIFO (First In First Out - پہلا اندر پہلا باہر) نظام خوراک کے ضیاع کو روکتا ہے اور تازگی کی ضمانت دیتا ہے۔\n\nاطلاق کے مراحل:\n1. نئی مصنوعات پیچھے/نیچے\n2. پرانی مصنوعات آگے/اوپر\n3. واضح لیبل لگانا (تاریخ، مواد)\n4. باقاعدگی سے جانچ پڑتال\n\nلیبل کی معلومات:\n• تیاری/ترسیل کی تاریخ\n• میعاد ختم ہونے کی تاریخ\n• مواد کی معلومات\n• تیار کرنے والا عملہ\n\nیاد رکھنے والی بات: میعاد ختم ہونے والی مصنوعات کو فوری طور پر ضائع کر دینا چاہیے۔"
  },

  "gida_alerjileri": {
    "baslik": "خوراک کی الرجی اور انفیلیکسس کا انتظام",
    "icerik": "خوراک کی الرجی جان لیوا ہو سکتی ہے۔ 8 اہم الرجن اور ان کا انتظام:\n\n8 بنیادی الرجن:\n1. دودھ ✓\n2. انڈا ✓\n3. مونگ پھلی ✓\n4. گری دار میوے (اخروٹ، بادام) ✓\n5. مچھلی ✓\n6. سی فوڈ (کیکڑے وغیرہ) ✓\n7. سویا ✓\n8. گندم/گلوٹن ✓\n\nانفیلیکسس کی علامات:\n• سانس میں دشواری، گھرگھراہٹ\n• زبان/گلے کی سوجن\n• چھپاکی، خارش\n• بیہوش ہونا، بلڈ پریشر میں کمی\n\nفوری کارروائی:\n• ایپی نیفرین آٹو انجیکٹر\n• 112 کو کال کریں\n• کمر کے بل لٹائیں\n\nکراس آلودگی سے بچاؤ:\n• الگ کاٹنے والے تختے\n• الگ باورچی خانے کے آلات\n• صفائی کے بعد جراثیم کشی\n• عملے کی تربیت\n• مینیو پر لیبل لگانا\n\nیاد رکھنے والی بات: مونگ پھلی کی الرجی سب سے زیادہ جان لیوا الرجی ہے۔ کراس آلودگی کو روکنا ضروری ہے۔"
  },

  "soguk_zincir": {
    "baslik": "کولڈ چین اور نقل و حمل کے قواعد",
    "icerik": "کولڈ چین کو ٹوٹنا نہیں چاہیے!\n\nاہم درجہ حرارت:\n• نقل و حمل: سرد 0-4°C، منجمد -18°C\n• ذخیرہ اندوزی: وہی درجہ حرارت\n• جانچ پڑتال: روزانہ تھرمامیٹر ریڈنگ\n\nکولڈ چین کا ٹوٹنا:\n• 4 گھنٹے سے زیادہ 5-60°C کے درمیان رہنے والی خوراک ضائع\n• منجمد خوراک پگھل جائے تو دوبارہ منجمد نہ کریں\n• درجہ حرارت کے ریکارڈ 6 ماہ تک محفوظ رکھیں\n\nنقل و حمل کے قواعد:\n• صاف گاڑیاں\n• گرم-سرد کی علیحدگی\n• تیز لوڈنگ-ان لوڈنگ\n• تھرمامیٹر کی جانچ پڑتال\n\nیاد رکھنے والی بات: کولڈ چین ٹوٹ جائے تو خوراک کو 4 گھنٹے کے اندر اندر استعمال کیا جانا چاہیے یا ضائع کر دینا چاہیے۔"
  },

  "gida_kaynakli_hastaliklar": {
    "baslik": "خوراک سے پیدا ہونے والی بیماریاں اور تحفظ",
    "icerik": "سب سے عام خوراک سے زہر آلودگی:\n\nبوٹولزم (کلوسٹریڈیم بوٹولینم):\n• ماخذ: ڈبے بند خوراک، ویکیوم پیکٹ\n• علامت: دوہرا نظر آنا، فالج، سانس رک جانا\n• بچاؤ: ڈبے کی جانچ، مناسب حرارتی عمل\n\nشیگیلا (بیکٹیریل ڈیسنٹری):\n• ماخذ: گندا پانی، صفائی کی کمی\n• علامت: خونی اسہال، بخار\n• بچاؤ: ہاتھ کی صفائی، صاف پانی\n\nبروسیلا:\n• ماخذ: غیر پاسچرائزڈ دودھ کی مصنوعات\n• علامت: اتار چڑھاؤ والا بخار، جوڑوں کا درد\n• بچاؤ: پاسچرائزیشن\n\nویبریو:\n• ماخذ: کچی سمندری خوراک\n• علامت: شدید اسہال، الٹی\n• بچاؤ: اچھی طرح سے پکانا\n\nیاد رکھنے والی بات: اگر ڈبے کا ڈھکن پھولا ہوا ہو تو اسے کبھی استعمال نہ کریں۔ بوٹولزم کا خطرہ ہے۔"
  },

  "tedarikci_yonetimi": {
    "baslik": "سپلائر کا انتظام اور کوالٹی کنٹرول",
    "icerik": "قابل اعتماد سپلائرز خوراک کی حفاظت کی بنیاد ہیں۔\n\nسپلائر کے انتخاب کے معیار:\n• خوراک کی حفاظت کے سرٹیفکیٹ\n• باقاعدہ معائنہ کی رپورٹیں\n• کوالٹی کنٹرول نظام\n• صفائی کے معیارات\n\nمال وصول کرنے کے طریقہ کار:\n• درجہ حرارت کی جانچ\n• میعاد ختم ہونے کی تاریخ کی جانچ\n• پیکیجنگ کی سالمیت\n• کوالٹی کنٹرول ریکارڈ\n\nرد کرنے کے معیار:\n• درجہ حرارت کی عدم مطابقت\n• میعاد ختم ہونے کی تاریخ گزر چکی\n• خراب پیکیجنگ\n• نامناسب ذخیرہ اندوزی\n\nیاد رکھنے والی بات: سپلائرز کا سال میں کم از کم 1 بار معائنہ ہونا چاہیے۔"
  },

  "is_sagligi_temelleri": {
    "baslik": "کام کی جگہ پر صحت اور حفاظت کے بنیادی اصول",
    "icerik": "کام کی جگہ پر ہر کسی کی صحت اور حفاظت کی ذمہ داری مالک اور ملازمین مشترکہ طور پر لیتے ہیں۔\n\nبنیادی اصول:\n• خطرے کا اندازہ\n• حفاظتی اقدامات\n• تربیت اور معلومات\n• ہنگامی صورتحال کے منصوبے\n• باقاعدہ معائنہ\n\nیاد رکھنے والی بات: کام کے 88 فیصد حادثات غیر محفوظ رویوں کی وجہ سے ہوتے ہیں۔"
  },

  "yangin_guvenligi": {
    "baslik": "آگ سے بچاؤ اور حفاظت",
    "icerik": "باورچی خانے آگ لگنے کے زیادہ خطرے والے علاقے ہیں۔\n\nآگ لگنے کے عوامل:\n• زیادہ گرم تیل\n• بجلی کا اوورلوڈ\n• ایگزاسٹ فلٹر میں تیل کا جمع ہونا\n• کھلی آگ\n\nبچاؤ کے اقدامات:\n• باقاعدہ صفائی\n• بجلی کی جانچ\n• آگ بجھانے والا رکھنا\n• ہنگامی راستے کھلے رکھنا\n\nیاد رکھنے والی بات: تیل کی آگ میں کبھی بھی پانی استعمال نہیں کرنا چاہیے۔ فائر کمبل یا کاربن ڈائی آکسائیڈ بجھانے والا استعمال کریں۔"
  },

  "kimyasal_guvenlik": {
    "baslik": "کیمیائی مواد کی حفاظت",
    "icerik": "صفائی کے کیمیکلز اگر صحیح طریقے سے استعمال نہ ہوں تو صحت کے لیے خطرہ ہیں۔\n\nکیمیائی اقسام:\n• کھردرا: جلد اور آنکھوں کو نقصان\n• آتش گیر: آگ کے رابطے میں بھڑک اٹھتے ہیں\n• زہریلا: زہر آلود اثر\n• جلن پیدا کرنے والا: جلد اور سانس کی نالی میں جلن\n\nمحفوظ استعمال:\n• لیبل پڑھنا\n• حفاظتی سامان\n• مناسب ذخیرہ اندوزی\n• خوراک سے الگ رکھنا\n\nیاد رکھنے والی بات: کیمیکلز کو کبھی بھی ان کے اصلی کنٹینر کے علاوہ کسی اور میں محفوظ نہیں کرنا چاہیے۔"
  },

  "kesici_alet_guvenligi": {
    "baslik": "کاٹنے والے آلات کے ساتھ کام کرنے کی حفاظت",
    "icerik": "چاقو اور کاٹنے والے آلات کے حادثات باورچی خانے میں عام ہیں۔\n\nمحفوظ استعمال کے قواعد:\n• تیز چاقو استعمال کریں (کند چاقو زیادہ خطرناک ہے)\n• کاٹنے کی سمت جسم سے دور رکھیں\n• مناسب کاٹنے والا تختہ استعمال کریں\n• لے جاتے وقت میان میں لے جائیں\n• دھوتے وقت الگ دھوئیں\n\nبجلی کے آلات:\n• بجلی کے تار سیدھے ہوں\n• صفائی سے پہلے بجلی کاٹ دیں\n• دھکیلنے والا آلہ استعمال کریں\n\nیاد رکھنے والی بات: چاقو گرتے وقت کبھی بھی پکڑنے کی کوشش نہیں کرنی چاہیے۔"
  },

  "kisisel_koruyucu_ekipman": {
    "baslik": "ذاتی حفاظتی سامان (PPE)",
    "icerik": "صحیح PPE کا استعمال کام کے حادثات کو کافی حد تک کم کرتا ہے۔\n\nبنیادی PPE:\n• کام کے جوتے: پھسلن سے پاک تلوے، بند انگلی\n• ایپرن: واٹر پروف، صاف\n• دستانے: گرم مواد، کاٹنے والے آلات، کیمیکل کے لیے مختلف قسمیں\n• حفاظتی عینک: چھینٹوں سے بچاؤ\n• ماسک: دھول اور بخارات سے بچاؤ\n\nیاد رکھنے والی بات: PPE کی باقاعدگی سے جانچ ہونی چاہیے، خراب شدہ کو تبدیل کیا جائے۔"
  },

  "ilk_yardim": {
    "baslik": "فرسٹ ایڈ اور ہنگامی صورتحال میں کارروائی",
    "icerik": "بنیادی فرسٹ ایڈ معلومات جان بچانے والی ہے۔\n\nفرسٹ ایڈ کٹ کا مواد:\n• جراثیم سے پاک پٹیاں\n• چپکنے والی ٹیپ\n• قینچی، چمٹی\n• دستانے، ماسک\n• صفائی کے مسح\n• جلنے کی پٹی\n\nہنگامی حالات:\n• کٹ لگنا: صاف کریں، دباؤ ڈالیں\n• جلنا: ٹھنڈا پانی، جراثیم سے پاک کپڑا\n• بیہوش ہونا: پاؤں اوپر اٹھائیں\n• زہر آلودگی: 112 کو کال کریں\n\nیاد رکھنے والی بات: خون بہنے میں صاف دستانے استعمال کریں، زخم پر براہ راست دباؤ ڈالیں۔"
  },

  "ergonomi": {
    "baslik": "ایرگونومکس اور کام کرنے کی درست پوزیشنیں",
    "icerik": "غلط پوزیشنیں پٹھوں اور ہڈیوں کے مسائل کا سبب بنتی ہیں۔\n\nدرست پوزیشنیں:\n• بھاری وزن اٹھانا: گھٹنوں سے جھکیں، کمر سیدھی\n• کھڑے ہونا: اینٹی تھکاوٹ چٹائی استعمال کریں\n• کاٹنے کا عمل: مناسب اونچائی پر کاؤنٹر\n• بار بار کی حرکتیں: وقفے لیں\n\nبچاؤ کے اقدامات:\n• باقاعدہ ورزش\n• درست جوتے\n• کافی آرام\n• ایرگونومک سامان\n\nیاد رکھنے والی بات: وزن اٹھاتے وقت کبھی بھی کمر سے مت جھکیں، ہمیشہ گھٹنوں سے جھکیں۔"
  },

  "acil_durum_prosedurleri": {
    "baslik": "ہنگامی صورتحال کے طریقہ کار",
    "icerik": "ہنگامی صورتحال میں تیز اور درست کارروائی جان بچاتی ہے۔\n\nہنگامی حالات:\n• خوراک سے زہر آلودگی کا شبہ\n• آگ\n• بجلی کی بندش\n• پانی کی بندش\n• کیڑوں کا حملہ\n\nکارروائی کے طریقہ کار:\n• 112 کو کال کریں\n• گاہکوں کو مطلع کریں\n• خوراک کو الگ کریں\n• ریکارڈ رکھیں\n• حکام کو مطلع کریں\n\nواپسی کا طریقہ کار:\n• بیچ نمبر کی شناخت\n• گاہکوں کی فہرست بنانا\n• سرکاری حکام کو اطلاع دینا\n• عوام کو اعلان\n\nیاد رکھنے والی بات: خوراک سے زہر آلودگی کے شبہ کی صورت میں فوری طور پر محکمہ صحت کو مطلع کیا جانا چاہیے۔"
  }
}
