{
  "kisisel_hijyen_temelleri": {
    "baslik": "ذاتی صفائی کے بنیادی اصول",
    "icerik": "ذاتی صفائی سے مراد وہ صفائی کے اصول ہیں جن پر ہم صحت کی حفاظت اور بیماریوں کے پھیلاؤ کو روکنے کے لیے عمل کرتے ہیں۔ اس میں جسم کی صفائی، ہاتھوں کی دیکھ بھال، مناسب لباس کا انتخاب اور صحت مند عادات شامل ہیں۔ خوراک کے شعبے میں کام کرنے والوں کے لیے، صفائی نہ صرف ذاتی صحت بلکہ گاہکوں کی حفاظت کے لیے بھی انتہائی اہمیت کی حامل ہے۔\n\nیاد رکھنے والی بات: روزانہ نہانا، صاف لباس، چھوٹے ناخن بنیادی صفائی کی تین بنیادی باتیں ہیں۔"
  },

  "el_hijyeni_detay": {
    "baslik": "ہاتھوں کی صفائی اور درست دھونے کا طریقہ",
    "icerik": "ہاتھ وہ حصہ ہیں جو سب سے زیادہ خوردبینی جراثیم رکھتے ہیں۔ ہاتھوں کو صحیح طریقے سے دھونا خوراک سے پیدا ہونے والی 40% بیماریوں کو روکتا ہے۔\n\nدھونے کے مراحل:\n1. نیم گرم پانی سے ہاتھ گیلے کریں\n2. کافی مقدار میں صابن لیں\n3. کم از کم 20 سیکنڈ تک رگڑیں (ہتھیلی، انگلیوں کے درمیان، ناخنوں کے سرے، کلائیاں)\n4. دھوئیں (کُلّی کریں)\n5. کاغذی تولیے سے خشک کریں\n\nیاد رکھنے والی بات: بیت الخلا کے بعد، کھانے سے پہلے، کچی خوراک کو چھونے کے بعد ہاتھ ضرور دھوئیں۔"
  },

  "is_giyim_kurallari": {
    "baslik": "کام کی جگہ پر لباس کے معیار",
    "icerik": "خوراک کے کاروبار میں، لباس کا انتخاب آلودگی کے خطرے کو کم کرنے کے لیے اہم ہے۔\n\nلازمی عمل:\n• ہلکے رنگ کی، صاف یونیفارم\n• بالوں کا جالی/نیٹ (پورے بال ڈھکنے کے لیے)\n• منہ اور ناک کا ماسک\n• مخصوص کام کے جوتے\n• زیورات، گھڑی، انگوٹھی **منع** ہیں\n\nیاد رکھنے والی بات: کام کے کپڑے باہر نہیں پہنے جاتے، صرف مقررہ علاقوں میں ہی بدلے جاتے ہیں۔"
  },

  "hastalik_durumlari": {
    "baslik": "بیماری کی حالت میں کام کرنے کے قواعد",
    "icerik": "بیماری کی کچھ علامات نظر آنے پر کام پر نہیں آنا چاہیے یا فوری طور پر چھوڑ دینا چاہیے۔\n\nکام نہ کرنے کی صورتیں:\n• بخار (38°C سے اوپر)\n• اسہال (ڈائریا)\n• قے (الٹی)\n• یرقان (پیلاہٹ) کی علامات\n• کھلا زخم/انفیکشن\n\nیاد رکھنے والی بات: بخار اور گلے کی سوزش والا عملہ کم از کم 48 گھنٹے کام پر نہیں آ سکتا۔"
  },

  "calsima_alani_kurallari": {
    "baslik": "کام کے علاقے میں صفائی کے قواعد",
    "icerik": "خوراک تیار کرنے والے علاقوں میں جن اہم قواعد پر عمل کرنا ضروری ہے:\n\nمنع کام:\n• ہاتھ سے براہ راست زیادہ خطرے والی خوراک کو چھونا\n• دستانے کے ساتھ مختلف سطحوں کو چھونا\n• کام کرتے وقت کھانا پینا\n• سگریٹ نوشی کرنا\n• موبائل فون کا استعمال کرنا\n\nلازمی کام:\n• دستانے ہر 30 منٹ میں بدلیں\n• چھینکتے وقت خوراک سے دور ہو جائیں\n• کھلے زخموں کو واٹر پروف پٹی سے ڈھانپیں"
  },

  "su_guvenligi": {
    "baslik": "پانی کی حفاظت اور استعمال",
    "icerik": "صفائی کے لیے صاف پانی کا استعمال اہم ہے۔\n\nمحفوظ پانی کا استعمال:\n• شہری سپلائی کا پانی استعمال ہونا چاہیے\n• ٹینک کے پانی میں کلورین ڈالی جانی چاہیے\n• پانی کے فلٹر باقاعدگی سے تبدیل ہونے چاہئیں\n• برف بنانے میں صاف پانی استعمال ہونا چاہیے\n\nیاد رکھنے والی بات: برف بھی خوراک ہے! برف بنانے میں گندا پانی استعمال نہ کریں۔"
  },

  "hijyen_egitimi": {
    "baslik": "صفائی کی تربیت اور معائنہ",
    "icerik": "باقاعدہ صفائی کی تربیت اور معائنہ ضروری ہے۔\n\nتربیت کے موضوعات:\n• ذاتی صفائی\n• ہاتھ دھونے کے طریقے\n• صفائی کے طریقہ کار\n• الرجی کا انتظام\n• ہنگامی صورتحال کے طریقہ کار\n\nمعائنہ کے نکات:\n• ہاتھ دھونے کے سٹیشن\n• درجہ حرارت کی جانچ\n• صفائی کے ریکارڈ\n• عملے کی صحت کی جانچ\n\nیاد رکھنے والی بات: صفائی کی تربیت سال میں کم از کم 1 بار تمام عملے کو دی جانی چاہیے۔"
  },

  "temizlik_dezenfekiyon": {
    "baslik": "صفائی اور جراثیم کشی میں فرق",
    "icerik": "صفائی نظر آنے والی گندگی کو ہٹانا ہے، جراثیم کشی (Dezenfeksiyon) پوشیدہ جراثیموں کو ختم کرنا ہے۔\n\n6 مراحل والی صفائی:\n1. ابتدائی صفائی (نظر آنے والی گندگی)\n2. مرکزی صفائی (ڈٹرجنٹ کے ساتھ)\n3. دھونا (کُلّی کرنا)\n4. جراثیم کشی\n5. آخری کُلّی\n6. خشک کرنا\n\nیاد رکھنے والی بات: صفائی کے بغیر جراثیم کشی بے اثر ہے۔ پہلے صفائی، پھر جراثیم کشی کی جاتی ہے۔"
  },

  "yuzey_temizligi": {
    "baslik": "سطح کی صفائی اور 4 مراحل کا طریقہ",
    "icerik": "تیز اور مؤثر سطح کی صفائی کے لیے:\n\n4 مراحل:\n1. نظر آنے والے باقیات کو صاف کریں\n2. جراثیم کش دوا لگائیں اور رگڑیں\n3. رابطے کے وقت کا انتظار کریں (30 سیکنڈ-5 منٹ)\n4. خشک ہونے کے لیے چھوڑ دیں\n\nاہم: خوراک سے رابطہ کرنے والی سطحیں ہر استعمال کے بعد، دیگر سطحیں دن میں 2-3 بار صاف کی جانی چاہئیں۔"
  },

  "alet_temizligi": {
    "baslik": "آلات اور سازوسامان کی صفائی",
    "icerik": "باورچی خانے کے آلات کی صفائی کراس آلودگی کو روکتی ہے۔\n\nتین ٹب کا طریقہ:\n1. ٹب: گرم پانی + ڈٹرجنٹ (50°C)\n2. ٹب: کُلّی کا پانی\n3. ٹب: جراثیم کش پانی\n\nدو ٹب کا طریقہ (چھوٹے کاروبار):\n1. صفائی + کُلّی\n2. جراثیم کشی\n\nیاد رکھنے والی بات: چاقو کے ہینڈل اور کاٹنے والے تختے کے کھانچے وہ جگہیں ہیں جہاں سب سے زیادہ بیکٹیریا جمع ہوتے ہیں۔"
  },

  "bulasik_yikama_teknikleri": {
    "baslik": "برتن دھونے کے طریقے",
    "icerik": "برتن دھونے کے لیے دو بنیادی طریقے استعمال کیے جاتے ہیں:\n\nمشین میں دھونا:\n• درجہ حرارت: 60-65°C دھلائی، 82-85°C کُلّی\n• کیمیکل: خصوصی برتن دھونے والی مشین کا ڈٹرجنٹ\n• کنٹرول: مشین کے درجہ حرارت اور وقت کی ترتیبات\n\nہاتھ سے دھونا (3 ٹب):\n1. ٹب: گرم پانی + ڈٹرجنٹ (45-50°C)\n2. ٹب: صاف گرم پانی سے کُلّی\n3. ٹب: جراثیم کش پانی (30 سیکنڈ تک رکھیں)\n\nخشک کرنا:\n• قدرتی طور پر خشک کرنے والے ریک\n• صاف تولیے سے خشک کرنا (خطرہ)\n• ہوا سے خشک کرنا (ترجیحی)\n\nیاد رکھنے والی بات: برتن دھونے والی مشین کے کُلّی کا پانی 82°C ہونا چاہیے۔ یہ درجہ حرارت جراثیم کشی فراہم کرتا ہے۔"
  },

  "sebze_dezenfeksiyonu": {
    "baslik": "سبزی دھونا اور جراثیم کشی",
    "icerik": "سبزیاں کیڑے مار دوا، مٹی اور خوردبینی جراثیم لے جا سکتی ہیں۔\n\nصحیح طریقہ:\n1. بہتے پانی میں دھوئیں\n2. خاص برش سے رگڑیں\n3. جراثیم کش محلول میں رکھیں\n4. اچھی طرح سے دھوئیں\n5. خشک کریں\n\nیاد رکھنے والی بات: سبز پتوں والی سبزیاں سب سے زیادہ خطرے والا گروپ ہیں۔ پتوں کے درمیان اچھی طرح صاف کرنا چاہیے۔"
  },

  "hasere_kontrolu": {
    "baslik": "کیڑوں کا کنٹرول اور روک تھام",
    "icerik": "کیڑے خوراک، نمی اور درجہ حرارت کی وجہ سے کاروباری جگہوں پر آتے ہیں۔\n\nعام کیڑے:\n• کاکروچ (تل چٹا)\n• چیونٹیاں\n• مکھیاں\n• چوہے\n\nروک تھام کے طریقے:\n• دروازے کھڑکیوں پر جالیاں\n• باقاعدہ صفائی\n• خوراک کو بند رکھنا\n• کچرے کے علاقے کو صاف رکھنا\n\nیاد رکھنے والی بات: ایک کاکروچ 33 مختلف قسم کے بیکٹیریا لے جا سکتا ہے۔"
  },

  "eldiven_kullanimi": {
    "baslik": "دستانے کا درست استعمال",
    "icerik": "دستانے غلط طریقے سے استعمال ہونے پر حفاظت کے بجائے خطرہ پیدا کرتے ہیں۔\n\nدستانے کے قواعد:\n• پہننے سے پہلے ہاتھ دھوئیں\n• ہر 30 منٹ میں بدلیں\n• مختلف کاموں کے درمیان بدلیں\n• کچے-پکے خوراک کے درمیان بدلیں\n• دستانے سے سطحوں کو نہ چھوئیں۔\n\nیاد رکھنے والی بات: خوردبینی جراثیم کی نشوونما کے لیے دستانے مثالی ماحول ہیں۔ زیادہ دیر تک استعمال نہیں کرنا چاہیے۔"
  },

  "cig_pismis_ayrimi": {
    "baslik": "کچے اور پکے خوراک کی علیحدگی",
    "icerik": "یہ وہ علاقہ ہے جہاں کراس آلودگی سب سے زیادہ ہوتی ہے۔\n\nاحتیاطی تدابیر:\n• مختلف کاٹنے والے تختے استعمال کریں\n• مختلف چاقو استعمال کریں\n• ہاتھوں اور آلات کو صاف کریں\n• پکے ہوئے خوراک کو کچے خوراک کے علاقے میں نہ رکھیں\n• کولڈ چین کو برقرار رکھیں\n\nیاد رکھنے والی بات: مرغی اور سرخ گوشت سب سے زیادہ خطرناک کچے کھانے ہیں۔ پکے ہوئے کھانے سے ان کے رابطے کو یقینی طور پر روکنا چاہیے۔"
  },

  "sicaklik_kontrolu": {
    "baslik": "درجہ حرارت کنٹرول اور کولڈ چین",
    "icerik": "خوردبینی جراثیم 5°C-60°C کے درمیان تیزی سے بڑھتے ہیں۔\n\nمحفوظ درجہ حرارت کی حدود:\n• فرج (ریفریجریٹر): 0-4°C\n• ڈیپ فریزر: -18°C سے نیچے\n• پکانا: 75°C سے اوپر\n• گرم رکھنا: 60°C سے اوپر\n\nیاد رکھنے والی بات: 4 گھنٹے سے زیادہ 5°C-60°C کے درمیان رہنے والی خوراک استعمال نہیں ہونی چاہیے۔"
  },

  "atık_yonetimi": {
    "baslik": "فضلہ کا انتظام اور ذخیرہ اندوزی",
    "icerik": "فضلہ کیڑوں کو اپنی طرف متوجہ کرکے صفائی کا خطرہ پیدا کرتا ہے۔\n\nفضلہ کے انتظام کے قواعد:\n• ڈھکن والے کچرا دان استعمال کریں\n• روزانہ خالی کریں\n• کچرے کے علاقے کو صاف رکھیں\n• ری سائیکلنگ کے لیے الگ کریں\n• مائع فضلہ کو چھان لیں\n\nیاد رکھنے والی بات: کچرا دان خوراک کی تیاری کے علاقوں سے کم از کم 3 میٹر دور ہونے چاہئیں۔"
  },

  "bakteri_cesitleri": {
    "baslik": "خوراک سے پیدا ہونے والے بیکٹیریا کی اقسام اور خصوصیات",
    "icerik": "خوراک سے زہر آلودگی کا سبب بننے والے اہم بیکٹیریا اور ان کی خصوصیات:\n\n1. سالمونیلا (SALMONELLA)\n• ماخذ: پولٹری، انڈے، دودھ\n• علامات: بخار، اسہال، پیٹ میں درد (12-72 گھنٹے)\n• روک تھام: 75°C پر پکانا، کچے-پکے کا فرق\n\n2. لسٹیریا مونوسائٹوجینز (LISTERIA MONOCYTOGENES)\n• ماخذ: غیر پاسچرائزڈ دودھ، پنیر، تیار خوراک\n• خطرے کا گروپ: حاملہ خواتین، بزرگ، کمزور قوت مدافعت والے\n• خصوصیت: فریج کے درجہ حرارت (+4°C) پر بھی بڑھ سکتا ہے\n• روک تھام: پاسچرائزیشن، تیزی سے استعمال\n\n3. ایسچیرچیا کولائی (E. COLI)\n• ماخذ: کچا گوشت، غیر پاسچرائزڈ دودھ، گندا پانی\n• علامت: خونی اسہال، گردے کی خرابی\n• روک تھام: اچھی طرح پکانا، ہاتھوں کی صفائی\n\n4. کیمپائلوبیکٹر (CAMPYLOBACTER)\n• ماخذ: پولٹری (80% مرغی)\n• علامت: شدید پیٹ درد، اسہال\n• روک تھام: مرغی کا گوشت اچھی طرح پکانا، کراس آلودگی سے بچاؤ\n\n5. سٹیفائیلوکوکس اوریئس (STAPHYLOCOCCUS AUREUS)\n• ماخذ: انسانی ناک گلا، جلد کے زخم\n• خصوصیت: پکانے سے نہیں مرتا، زہریلے مادے پیدا کرتا ہے\n• روک تھام: دستانے کا استعمال، زخم پر پٹی\n\nیاد رکھنے والی بات: بیکٹیریا 5°C-60°C **خطرہ کے علاقے** میں ہر 20 منٹ میں دوگنا ہو جاتے ہیں!"
  },

  "virus_mantar_parazitler": {
    "baslik": "وائرس، فنگس اور پیراسائٹ (طفیلیے) کے خطرات",
    "icerik": "بیکٹیریا کے علاوہ دوسرے خوردبینی جراثیم:\n\nوائرس:\n• نورو وائرس: قے، اسہال (سب سے عام)\n• ہیپاٹائٹس اے: یرقان، جگر کی سوزش\n• پھیلاؤ: گندے ہاتھ، آلودہ پانی\n• روک تھام: ہاتھوں کی صفائی، صاف پانی\n\nفنگس:\n• پھپھوندی: روٹی، پنیر، پھل\n• خمیر: خراب ہونے کی علامت\n• روک تھام: پھپھوندی لگی خوراک پھینک دیں\n\nپیراسائٹ (طفیلیے):\n• جیاڈیا: گندا پانی، کچی سبزیاں\n• کرپٹوسپوریڈیم: جانوروں کا فضلہ\n• روک تھام: سبزیاں دھونا، پانی کا فلٹر\n\nیاد رکھنے والی بات: نورو وائرس ایک شخص سے 1000 افراد میں پھیل سکتا ہے! ہاتھ دھونا سب سے مؤثر تحفظ ہے۔"
  },

  "temizlik_kimyasallari": {
    "baslik": "صفائی کے کیمیکلز اور خوراک",
    "icerik": "کیمیکل کا درست استعمال:\n\nکیمیکل کی اقسام:\n• ڈٹرجنٹ: چکنائی اور گندگی کو تحلیل کرتا ہے\n• جراثیم کش دوا: خوردبینی جراثیم کو مارتی ہے\n• سینیٹائزر: سطح پر جراثیم کو کم کرتا ہے\n\nتوجہ کی اہمیت:\n• کم خوراک: بے اثر\n• زیادہ خوراک: زہریلا، باقیات کا خطرہ\n• ہدایات کے مطابق پتلا کریں\n\nاستعمال کا ترتیب:\n1. پہلے ڈٹرجنٹ سے صاف کریں\n2. دھوئیں\n3. جراثیم کش دوا لگائیں\n4. رابطے کے وقت کا انتظار کریں\n5. اگر ضرورت ہو تو دھوئیں\n\nیاد رکھنے والی بات: بلیچ (سوڈیم ہائپوکلورائیٹ) کو امونیا کے ساتھ کبھی نہ ملائیں! زہریلی گیس بنتی ہے۔"
  }
}
