{
  "gida_guvenligi_temelleri": {
    "baslik": "खाद्य सुरक्षा के मूल सिद्धांत",
    "icerik": "खाद्य सुरक्षा का अर्थ है कि उत्पादन से लेकर उपभोक्ता की प्लेट तक सभी चरणों में भोजन को स्वस्थ और सुरक्षित रखना। HACCP (खतरा विश्लेषण और महत्वपूर्ण नियंत्रण बिंदु) प्रणाली इस मामले में सबसे प्रभावी तरीका है।\n\nयाद रखने योग्य जानकारी: HACCP में 7 सिद्धांत और 12 चरण होते हैं। मुख्य उद्देश्य निवारक उपायों के साथ जोखिमों को नियंत्रित करना है।"
  },

  "haccp_sistemi": {
    "baslik": "HACCP प्रणाली और कार्यान्वयन",
    "icerik": "HACCP खाद्य सुरक्षा जोखिमों की पहचान और नियंत्रण के लिए इस्तेमाल की जाने वाली एक वैज्ञानिक प्रणाली है।\n\n7 मूल सिद्धांत:\n1. खतरा विश्लेषण\n2. महत्वपूर्ण नियंत्रण बिंदु (CCP)\n3. महत्वपूर्ण सीमाएं\n4. निगरानी प्रक्रियाएं\n5. सुधारात्मक कार्रवाई\n6. सत्यापन\n7. दस्तावेज़ीकरण\n\nयाद रखने योग्य जानकारी: CCP पकाने, ठंडा करने, भंडारण जैसे बिंदु हैं जहां जोखिम को नियंत्रित किया जा सकता है।"
  },

  "haccp_kritik_noktalar": {
    "baslik": "HACCP महत्वपूर्ण नियंत्रण बिंदु (CCP)",
    "icerik": "HACCP प्रणाली में महत्वपूर्ण नियंत्रण बिंदु:\n\nCCP (महत्वपूर्ण नियंत्रण बिंदु):\n1. पकाना: 75°C आंतरिक तापमान\n2. ठंडा करना: 60°C → 21°C (2 घंटे), 21°C → 5°C (4 घंटे)\n3. गर्म करना: 75°C से ऊपर\n4. भंडारण: ठंडा 0-4°C, गर्म 60°C से ऊपर\n\nरिकॉर्ड अनिवार्यताएं:\n• तापमान रिकॉर्ड\n• सफाई रिकॉर्ड\n• कर्मचारी प्रशिक्षण रिकॉर्ड\n• आपूर्तिकर्ता दस्तावेज़\n• ग्राहक शिकायत रिकॉर्ड\n\nयाद रखने योग्य जानकारी: HACCP रिकॉर्ड कम से कम 1 वर्ष तक सुरक्षित रखने चाहिए।"
  },

  "stok_yonetimi": {
    "baslik": "स्टॉक रोटेशन और FIFO प्रणाली",
    "icerik": "FIFO (फर्स्ट इन फर्स्ट आउट) प्रणाली खाद्य बर्बादी रोकती है और ताजगी सुनिश्चित करती है।\n\nकार्यान्वयन चरण:\n1. नए उत्पाद पीछे/नीचे\n2. पुराने उत्पाद सामने/ऊपर\n3. स्पष्ट लेबलिंग (तारीख, सामग्री)\n4. नियमित जांच\n\nलेबल जानकारी:\n• उत्पादन/वितरण तिथि\n• समाप्ति तिथि\n• सामग्री जानकारी\n• तैयार करने वाला कर्मचारी\n\nयाद रखने योग्य जानकारी: समाप्ति तिथि समाप्त उत्पादों को तुरंत नष्ट कर देना चाहिए।"
  },

  "gida_alerjileri": {
    "baslik": "खाद्य एलर्जी और एनाफिलेक्सिस प्रबंधन",
    "icerik": "खाद्य एलर्जी जानलेवा हो सकती है। महत्वपूर्ण 8 एलर्जेन और प्रबंधन:\n\nप्राथमिक 8 एलर्जेन:\n1. दूध ✓\n2. अंडा ✓\n3. मूंगफली ✓\n4. नट्स-अखरोट ✓\n5. मछली ✓\n6. शेलफिश ✓\n7. सोया ✓\n8. गेहूं/ग्लूटेन ✓\n\nएनाफिलेक्सिस लक्षण:\n• सांस लेने में तकलीफ, घरघराहट\n• जीभ/गला सूजना\n• पित्ती, खुजली\n• बेहोशी, रक्तचाप गिरना\n\nआपातकालीन उपचार:\n• एपिनेफ्रीन ऑटो-इंजेक्टर\n• 112 पर कॉल करें\n• पीठ के बल लिटाएं\n\nक्रॉस कंटामिनेशन रोकथाम:\n• अलग कटिंग बोर्ड\n• अलग रसोई के उपकरण\n• सफाई के बाद कीटाणुशोधन\n• कर्मचारी प्रशिक्षण\n• मेनू लेबलिंग\n\nयाद रखने योग्य जानकारी: मूंगफली की एलर्जी सबसे घातक है! क्रॉस कंटामिनेशन रोकना अनिवार्य है।"
  },

  "soguk_zincir": {
    "baslik": "कोल्ड चेन और परिवहन नियम",
    "icerik": "कोल्ड चेन टूटनी नहीं चाहिए!\n\nमहत्वपूर्ण तापमान:\n• परिवहन: ठंडा 0-4°C, जमे हुए -18°C\n• भंडारण: समान तापमान\n• नियंत्रण: दैनिक थर्मामीटर रीडिंग\n\nकोल्ड चेन टूटना:\n• 4 घंटे से अधिक 5-60°C में रहा भोजन नष्ट करें\n• जमे हुए भोजन पिघलने पर दोबारा फ्रीज न करें\n• तापमान रिकॉर्ड 6 महीने सुरक्षित रखें\n\nपरिवहन नियम:\n• साफ वाहन\n• गर्म-ठंडा अलग\n• तेज लोड-अनलोड\n• थर्मामीटर नियंत्रण\n\nयाद रखने योग्य जानकारी: कोल्ड चेन टूटने पर भोजन 4 घंटे के भीतर खाएं या नष्ट करें।"
  },

  "gida_kaynakli_hastaliklar": {
    "baslik": "खाद्यजनित बीमारियां और सुरक्षा",
    "icerik": "सबसे आम खाद्य विषाक्तता:\n\nबोटुलिज़्म (CLOSTRIDIUM BOTULINUM):\n• स्रोत: डिब्बाबंद भोजन, वैक्यूम पैक\n• लक्षण: दोहरी दृष्टि, लकवा, सांस रुकना\n• रोकथाम: डिब्बा नियंत्रण, उचित ताप उपचार\n\nशिगेला (बैक्टीरियल डिसेंटरी):\n• स्रोत: गंदा पानी, स्वच्छता की कमी\n• लक्षण: खूनी दस्त, बुखार\n• रोकथाम: हाथ स्वच्छता, साफ पानी\n\nब्रुसेला:\n• स्रोत: पाश्चुरीकृत नहीं दुग्ध उत्पाद\n• लक्षण: उतार-चढ़ाव बुखार, जोड़ों में दर्द\n• रोकथाम: पाश्चुरीकरण\n\nविब्रियो:\n• स्रोत: कच्चे समुद्री भोजन\n• लक्षण: गंभीर दस्त, उल्टी\n• रोकथाम: अच्छी तरह पकाना\n\nयाद रखने योग्य जानकारी: डिब्बे के ढक्कन उभरे हों तो कभी न खाएं! बोटुलिज़्म का खतरा है।"
  },

  "tedarikci_yonetimi": {
    "baslik": "आपूर्तिकर्ता प्रबंधन और गुणवत्ता नियंत्रण",
    "icerik": "विश्वसनीय आपूर्तिकर्ता खाद्य सुरक्षा की नींव हैं।\n\nआपूर्तिकर्ता चयन मानदंड:\n• खाद्य सुरक्षा प्रमाणपत्र\n• नियमित ऑडिट रिपोर्ट\n• गुणवत्ता नियंत्रण प्रणाली\n• स्वच्छता मानक\n\nमाल स्वीकृति प्रक्रिया:\n• तापमान नियंत्रण\n• समाप्ति तिथि नियंत्रण\n• पैकेजिंग अखंडता\n• गुणवत्ता नियंत्रण रिकॉर्ड\n\nअस्वीकृति मानदंड:\n• तापमान असंगति\n• समाप्ति तिथि समाप्त\n• क्षतिग्रस्त पैकेजिंग\n• अनुचित भंडारण\n\nयाद रखने योग्य जानकारी: आपूर्तिकर्ताओं का साल में कम से कम 1 बार ऑडिट होना चाहिए।"
  },

  "is_sagligi_temelleri": {
    "baslik": "कार्यस्थल स्वास्थ्य और सुरक्षा के मूल सिद्धांत",
    "icerik": "कार्यस्थल पर सभी के स्वास्थ्य और सुरक्षा की जिम्मेदारी नियोक्ता और कर्मचारी दोनों की है।\n\nमूल सिद्धांत:\n• जोखिम मूल्यांकन\n• निवारक उपाय\n• प्रशिक्षण और जागरूकता\n• आपातकालीन योजना\n• नियमित निरीक्षण\n\nयाद रखने योग्य जानकारी: कार्यस्थल दुर्घटनाओं के 88% असुरक्षित व्यवहार से होते हैं।"
  },

  "yangin_guvenligi": {
    "baslik": "अग्नि रोकथाम और सुरक्षा",
    "icerik": "रसोई में आग का खतरा अधिक होता है।\n\nआग पैदा करने वाले कारक:\n• अत्यधिक गर्म तेल\n• बिजली अधिभार\n• एक्सहॉस्ट फिल्टर में तेल जमाव\n• खुली लौ\n\nरोकथाम उपाय:\n• नियमित सफाई\n• विद्युत नियंत्रण\n• अग्निशामक उपकरण रखना\n• आपातकालीन निकास खुला रखना\n\nयाद रखने योग्य जानकारी: तेल की आग में कभी पानी का उपयोग न करें! अग्नि कंबल या कार्बन डाइऑक्साइड शामक का उपयोग करें।"
  },

  "kimyasal_guvenlik": {
    "baslik": "रासायनिक सुरक्षा",
    "icerik": "सफाई रसायनों का गलत उपयोग स्वास्थ्य जोखिम पैदा करता है।\n\nरासायनिक प्रकार:\n• संक्षारक: त्वचा और आंख को नुकसान\n• ज्वलनशील: आग के संपर्क में जलते हैं\n• विषैले: जहरीला प्रभाव\n• जलन पैदा करने वाले: त्वचा और श्वसन तंत्र में जलन\n\nसुरक्षित उपयोग:\n• लेबल पढ़ना\n• सुरक्षात्मक उपकरण\n• उचित भंडारण\n• भोजन से अलग रखना\n\nयाद रखने योग्य जानकारी: रसायन कभी भी मूल कंटेनर के अलावा संग्रहीत न करें।"
  },

  "kesici_alet_guvenligi": {
    "baslik": "तीक्ष्ण उपकरणों के साथ काम की सुरक्षा",
    "icerik": "चाकू और तीक्ष्ण उपकरण दुर्घटनाएं रसोई में आम हैं।\n\nसुरक्षित उपयोग नियम:\n• तेज चाकू का उपयोग करें (कुंद चाकू अधिक खतरनाक)\n• काटने की दिशा शरीर से दूर\n• उचित कटिंग बोर्ड का उपयोग\n• ढोते समय म्यान में रखें\n• अलग से धोएं\n\nविद्युत उपकरण:\n• पावर केबल ठीक\n• सफाई से पहले बिजली बंद\n• पुशर टूल का उपयोग\n\nयाद रखने योग्य जानकारी: चाकू गिरते समय कभी पकड़ने की कोशिश न करें।"
  },

  "kisisel_koruyucu_ekipman": {
    "baslik": "व्यक्तिगत सुरक्षात्मक उपकरण (PPE)",
    "icerik": "सही PPE उपयोग कार्य दुर्घटनाओं को काफी कम करता है।\n\nमूल PPE:\n• कार्य जूते: नॉन-स्लिप सोल, बंद नोक\n• एप्रन: वाटरप्रूफ, साफ\n• दस्ताने: गर्म सामग्री, तीक्ष्ण उपकरण, रासायनिक के लिए अलग प्रकार\n• सुरक्षा चश्मा: छींटों से\n• मास्क: धूल और भाप से\n\nयाद रखने योग्य जानकारी: PPE की नियमित जांच करें, क्षतिग्रस्त को बदलें।"
  },

  "ilk_yardim": {
    "baslik": "प्राथमिक चिकित्सा और आपातकालीन हस्तक्षेप",
    "icerik": "बुनियादी प्राथमिक चिकित्सा ज्ञान जीवन बचा सकता है।\n\nप्राथमिक चिकित्सा किट सामग्री:\n• बाँझ पट्टी\n• चिपकने वाली टेप\n• कैंची, चिमटी\n• दस्ताने, मास्क\n• सफाई वाइप्स\n• जलन पट्टी\n\nआपातकालीन स्थितियां:\n• कटे: साफ करें, दबाव डालें\n• जलने: ठंडा पानी, बाँझ कवर\n• बेहोशी: पैर ऊपर उठाएं\n• विषाक्तता: 112 पर कॉल करें\n\nयाद रखने योग्य जानकारी: रक्तस्राव के दौरान साफ दस्ताने का उपयोग करें, सीधे घाव पर दबाव डालें।"
  },

  "ergonomi": {
    "baslik": "एर्गोनॉमिक्स और सही कार्य मुद्राएं",
    "icerik": "गलत मुद्राएं मांसपेशी-कंकाल समस्याएं पैदा करती हैं।\n\nसही मुद्राएं:\n• भारी उठाना: घुटने मोड़ें, पीठ सीधी\n• खड़े होकर काम: एंटी-फैटिग मैट का उपयोग\n• काटने का काम: सही ऊंचाई की काउंटर\n• दोहराए जाने वाले आंदोलन: ब्रेक लें\n\nरोकथाम उपाय:\n• नियमित व्यायाम\n• सही जूते\n• पर्याप्त आराम\n• एर्गोनॉमिक उपकरण\n\nयाद रखने योग्य जानकारी: वजन उठाते समय कभी कमर से न झुकें, हमेशा घुटने मोड़ें।"
  },

  "acil_durum_prosedurleri": {
    "baslik": "आपातकालीन प्रक्रियाएं",
    "icerik": "आपात स्थितियों में त्वरित और सही हस्तक्षेप जीवन बचाता है।\n\nआपातकालीन स्थितियां:\n• खाद्य विषाक्तता संदेह\n• आग\n• बिजली कटौती\n• पानी की कटौती\n• कीट संक्रमण\n\nहस्तक्षेप प्रक्रियाएं:\n• 112 पर कॉल करें\n• ग्राहकों को सूचित करें\n• भोजन को अलग करें\n• रिकॉर्ड रखें\n• अधिकारियों को सूचित करें\n\nरिकॉल प्रक्रिया:\n• बैच नंबर पहचान\n• ग्राहक सूची बनाना\n• आधिकारिक अधिकारियों को सूचना\n• जनता को घोषणा\n\nयाद रखने योग्य जानकारी: खाद्य विषाक्तता संदेह होने पर तुरंत स्वास्थ्य विभाग को रिपोर्ट करें।"
  }
}