{
  "kisisel_hijyen_temelleri": {
    "baslik": "व्यक्तिगत स्वच्छता के मूलभूत नियम",
    "icerik": "व्यक्तिगत स्वच्छता वह सफाई नियम हैं जिनका पालन हम स्वास्थ्य की रक्षा करने और बीमारियों के प्रसार को रोकने के लिए करते हैं। इसमें शरीर की सफाई, हाथों की देखभाल, उपयुक्त कपड़े चुनना और स्वस्थ आदतें शामिल हैं। खाद्य क्षेत्र में काम करने वालों के लिए स्वच्छता न केवल व्यक्तिगत स्वास्थ्य के लिए बल्कि ग्राहकों की सुरक्षा के लिए भी अत्यंत महत्वपूर्ण है।\n\nयाद रखने वाली बात: रोज़ाना नहाना, साफ़ कपड़े और छोटे नाखून बुनियादी स्वच्छता की तिकड़ी हैं।"
  },

  "el_hijyeni_detay": {
    "baslik": "हाथों की स्वच्छता और सही धोने की तकनीक",
    "icerik": "हाथ शरीर का वह हिस्सा हैं जो सबसे अधिक सूक्ष्मजीव (माइक्रोऑर्गेनिज़्म) ले जाते हैं। सही ढंग से हाथ धोने से खाद्य जनित बीमारियों को 40% तक रोका जा सकता है।\n\nधोने के चरण:\n1. गुनगुने पानी से हाथ गीले करें\n2. पर्याप्त साबुन लें\n3. कम से कम 20 सेकंड तक रगड़ें (हथेली, उंगलियों के बीच, नाखूनों के सिरे, कलाई)\n4. पानी से धोएँ\n5. कागज़ के तौलिये से सुखाएँ\n\nयाद रखने वाली बात: शौचालय के बाद, खाने से पहले, कच्चे भोजन के संपर्क के बाद हाथ ज़रूर धोएँ।"
  },

  "is_giyim_kurallari": {
    "baslik": "कार्यस्थल पर कपड़ों के मानक",
    "icerik": "खाद्य प्रतिष्ठानों में कपड़ों का चुनाव संदूषण (contamination) के जोखिम को कम करने के लिए महत्वपूर्ण है।\n\nअनिवार्य नियम:\n• हल्के रंग की, साफ़ यूनिफॉर्म\n• हेयर नेट/टोपी (पूरे बालों को ढकने के लिए)\n• मुँह और नाक का मास्क\n• विशेष काम के जूते\n• आभूषण, घड़ी, अंगूठी **सख़्त मना** हैं\n\nयाद रखने वाली बात: काम के कपड़े बाहर नहीं पहने जाते, उन्हें केवल निर्धारित क्षेत्रों में ही बदला जाता है।"
  },

  "hastalik_durumlari": {
    "baslik": "बीमारी की स्थिति में काम करने के नियम",
    "icerik": "बीमारी के कुछ लक्षण दिखने पर काम पर नहीं आना चाहिए या तुरंत छोड़ देना चाहिए।\n\nकाम न करने की स्थितियाँ:\n• बुखार (38°C से ऊपर)\n• दस्त (डायरिया)\n• उल्टी\n• पीलिया के लक्षण\n• खुला घाव/संक्रमण\n\nयाद रखने वाली बात: तेज़ बुखार और गले में खराश वाला कर्मचारी कम से कम 48 घंटे तक काम पर नहीं आ सकता।"
  },

  "calsima_alani_kurallari": {
    "baslik": "कार्य क्षेत्र में स्वच्छता के नियम",
    "icerik": "खाद्य प्रसंस्करण क्षेत्रों में पालन किए जाने वाले महत्वपूर्ण नियम:\n\nपाबंदियाँ:\n• उच्च जोखिम वाले भोजन को सीधे हाथ से छूना\n• दस्ताने पहनकर विभिन्न सतहों को छूना\n• काम करते समय खाना-पीना\n• धूम्रपान करना\n• मोबाइल फ़ोन का उपयोग करना\n\nअनिवार्य बातें:\n• दस्ताने हर 30 मिनट में बदलें\n• छींकते समय भोजन से दूर हटें\n• खुले घावों को वाटरप्रूफ पट्टी से ढकें"
  },

  "su_guvenligi": {
    "baslik": "पानी की सुरक्षा और उपयोग",
    "icerik": "सफ़ाई के लिए साफ़ पानी का उपयोग महत्वपूर्ण है।\n\nसुरक्षित पानी का उपयोग:\n• नल के पानी का उपयोग करना चाहिए\n• टंकी के पानी में क्लोरीन डालनी चाहिए\n• वॉटर फ़िल्टर नियमित रूप से बदलने चाहिए\n• बर्फ़ बनाने में साफ़ पानी का उपयोग करना चाहिए\n\nयाद रखने वाली बात: बर्फ़ भी भोजन है! बर्फ़ बनाने में गंदे पानी का उपयोग न करें।"
  },

  "hijyen_egitimi": {
    "baslik": "स्वच्छता प्रशिक्षण और निरीक्षण",
    "icerik": "नियमित स्वच्छता प्रशिक्षण और निरीक्षण अनिवार्य है।\n\nप्रशिक्षण के विषय:\n• व्यक्तिगत स्वच्छता\n• हाथ धोने की तकनीकें\n• सफ़ाई के तरीके\n• एलर्जी प्रबंधन\n• आपातकालीन प्रक्रियाएँ\n\nनिरीक्षण बिंदु:\n• हाथ धोने के स्टेशन\n• तापमान नियंत्रण\n• सफ़ाई के रिकॉर्ड\n• कर्मचारियों की स्वास्थ्य जाँच\n\nयाद रखने वाली बात: स्वच्छता प्रशिक्षण साल में कम से कम 1 बार सभी कर्मचारियों को दिया जाना चाहिए।"
  },

  "temizlik_dezenfeksiyon": {
    "baslik": "सफ़ाई और कीटाणुशोधन में अंतर",
    "icerik": "सफ़ाई दिखाई देने वाली गंदगी को हटाना है, जबकि कीटाणुशोधन अदृश्य सूक्ष्मजीवों को नष्ट करना है।\n\n6 चरणों वाली सफ़ाई:\n1. प्रारंभिक सफ़ाई (दिखाई देने वाली गंदगी)\n2. मुख्य सफ़ाई (डिटर्जेंट से)\n3. धोना (कुल्ला)\n4. कीटाणुशोधन (डिसइन्फेक्शन)\n5. अंतिम धोना\n6. सुखाना\n\nयाद रखने वाली बात: सफ़ाई के बिना कीटाणुशोधन अप्रभावी है। पहले सफ़ाई, फिर कीटाणुशोधन किया जाता है।"
  },

  "yuzey_temizligi": {
    "baslik": "सतह की सफ़ाई और 4 चरण विधि",
    "icerik": "तेज़ और प्रभावी सतह की सफ़ाई के लिए:\n\n4 चरण:\n1. दिखाई देने वाले अवशेष हटाएँ\n2. कीटाणुनाशक (डिसइन्फेक्टेंट) लगाएँ और रगड़ें\n3. संपर्क समय की प्रतीक्षा करें (30 सेकंड-5 मिनट)\n4. सूखने के लिए छोड़ दें\n\nमहत्वपूर्ण: भोजन के संपर्क वाली सतहें हर उपयोग के बाद, अन्य सतहें दिन में 2-3 बार साफ़ की जानी चाहिए।"
  },

  "alet_temizligi": {
    "baslik": "उपकरण और औजारों की सफ़ाई",
    "icerik": "रसोई के उपकरणों की सफ़ाई क्रॉस-संदूषण (cross-contamination) को रोकती है।\n\nतीन टब विधि:\n1. टब: गर्म पानी + डिटर्जेंट (50°C)\n2. टब: धोने का पानी (कुल्ला)\n3. टब: कीटाणुनाशक पानी\n\nदो टब विधि (छोटे प्रतिष्ठान):\n1. सफ़ाई + धोना\n2. कीटाणुशोधन\n\nयाद रखने वाली बात: चाकू के हैंडल और कटिंग बोर्ड के खाँचे वे जगहें हैं जहाँ सबसे ज़्यादा बैक्टीरिया जमा होते हैं।"
  },

  "bulasik_yikama_teknikleri": {
    "baslik": "बर्तन धोने के तरीके",
    "icerik": "बर्तन धोने के लिए दो बुनियादी तरीके इस्तेमाल किए जाते हैं:\n\nमशीन में धोना:\n• तापमान: 60-65°C धुलाई, 82-85°C कुल्ला\n• रसायन: विशेष डिशवॉशर डिटर्जेंट\n• नियंत्रण: मशीन का तापमान और समय सेटिंग्स\n\nहाथ से धोना (3 टब):\n1. टब: गर्म पानी + डिटर्जेंट (45-50°C)\n2. टब: साफ़ गर्म पानी से धोना\n3. टब: कीटाणुनाशक पानी (30 सेकंड रोकना)\n\nसुखाना:\n• प्राकृतिक सुखाने वाले रैक\n• साफ़ तौलिये से पोंछना (जोखिम भरा)\n• हवा से सुखाना (पसंदीदा)\n\nयाद रखने वाली बात: डिशवॉशर का कुल्ला पानी 82°C होना चाहिए। यह तापमान कीटाणुशोधन सुनिश्चित करता है।"
  },

  "sebze_dezenfeksiyonu": {
    "baslik": "सब्जी धोना और कीटाणुशोधन",
    "icerik": "सब्जियों में कीटनाशक, मिट्टी और सूक्ष्मजीव हो सकते हैं।\n\nसही तरीका:\n1. बहते पानी में धोएँ\n2. विशेष ब्रश से रगड़ें\n3. कीटाणुनाशक घोल में रखें\n4. अच्छी तरह से धोएँ\n5. सुखाएँ\n\nयाद रखने वाली बात: हरी पत्तेदार सब्जियाँ सबसे अधिक जोखिम वाला समूह हैं। पत्तों के बीच अच्छी तरह से साफ़ करना चाहिए।"
  },

  "hasere_kontrolu": {
    "baslik": "कीट नियंत्रण और रोकथाम",
    "icerik": "कीट भोजन, नमी और तापमान के कारण प्रतिष्ठानों में आते हैं।\n\nआम कीट:\n• तिलचट्टे (कॉकरोच)\n• चींटियाँ\n• मक्खियाँ\n• कृंतक (चूहे आदि)\n\nरोकथाम के तरीके:\n• दरवाज़े-खिड़कियों पर जाली\n• नियमित सफ़ाई\n• भोजन को ढक कर रखना\n• कूड़ा क्षेत्र को साफ़ रखना\n\nयाद रखने वाली बात: एक तिलचट्टा 33 अलग-अलग प्रकार के बैक्टीरिया ले जा सकता है।"
  },

  "eldiven_kullanimi": {
    "baslik": "दस्ताने का सही उपयोग",
    "icerik": "गलत तरीके से इस्तेमाल किए जाने पर दस्ताने सुरक्षा की बजाय जोखिम पैदा करते हैं।\n\nदस्ताने के नियम:\n• पहनने से पहले हाथ धोएँ\n• हर 30 मिनट में बदलें\n• अलग-अलग कामों के बीच बदलें\n• कच्चे-पके भोजन के बीच बदलें\n• दस्ताने पहनकर सतहों को न छूएँ\n\nयाद रखने वाली बात: सूक्ष्मजीवों के पनपने के लिए दस्ताने आदर्श वातावरण हैं। इन्हें लंबे समय तक इस्तेमाल नहीं करना चाहिए।"
  },

  "cig_pismis_ayrimi": {
    "baslik": "कच्चे-पके भोजन का अलगाव",
    "icerik": "यह वह क्षेत्र है जहाँ क्रॉस-संदूषण (cross-contamination) सबसे अधिक होता है।\n\nरोकथाम:\n• अलग कटिंग बोर्ड इस्तेमाल करें\n• अलग चाकू इस्तेमाल करें\n• हाथों और औजारों को साफ़ करें\n• पके हुए भोजन को कच्चे भोजन के क्षेत्र में न रखें\n• कोल्ड चेन बनाए रखें\n\nयाद रखने वाली बात: मुर्गी और लाल मांस सबसे जोखिम भरे कच्चे खाद्य पदार्थ हैं। उन्हें पके हुए भोजन के संपर्क से बिल्कुल बचाना चाहिए।"
  },

  "sicaklik_kontrolu": {
    "baslik": "तापमान नियंत्रण और कोल्ड चेन",
    "icerik": "सूक्ष्मजीव 5°C-60°C के बीच तेज़ी से बढ़ते हैं।\n\nसुरक्षित तापमान सीमा:\n• फ्रिज: 0-4°C\n• डीप फ्रीजर: -18°C से नीचे\n• पकाना: 75°C से ऊपर\n• गर्म रखना: 60°C से ऊपर\n\nयाद रखने वाली बात: 4 घंटे से अधिक 5-60°C के बीच रहने वाले भोजन का सेवन नहीं करना चाहिए।"
  },

  "atık_yonetimi": {
    "baslik": "अपशिष्ट प्रबंधन और भंडारण",
    "icerik": "अपशिष्ट कीटों को आकर्षित करके स्वच्छता का जोखिम पैदा करते हैं।\n\nअपशिष्ट प्रबंधन नियम:\n• ढक्कन वाले कूड़ेदानों का उपयोग करें\n• रोज़ाना खाली करें\n• कूड़ा क्षेत्र को साफ़ रखें\n• पुनर्चक्रण के लिए अलग करें\n• तरल अपशिष्ट को छान लें\n\nयाद रखने वाली बात: कूड़ेदान भोजन तैयार करने वाले क्षेत्रों से कम से कम 3 मीटर दूर होने चाहिए।"
  },

  "bakteri_cesitleri": {
    "baslik": "खाद्य जनित बैक्टीरिया के प्रकार और विशेषताएँ",
    "icerik": "खाद्य विषाक्तता पैदा करने वाले मुख्य बैक्टीरिया के प्रकार और उनकी विशेषताएँ:\n\n1. साल्मोनेला (SALMONELLA)\n• स्रोत: पोल्ट्री, अंडे, दूध\n• लक्षण: बुखार, दस्त, पेट दर्द (12-72 घंटे)\n• रोकथाम: 75°C पर पकाना, कच्चे-पके का अलगाव\n\n2. लिस्टेरिया मोनोसाइटोजेन्स (LISTERIA MONOCYTOGENES)\n• स्रोत: अपास्चुरीकृत दूध, पनीर, तैयार भोजन\n• जोखिम समूह: गर्भवती महिलाएँ, बुज़ुर्ग, कम प्रतिरक्षा वाले\n• विशेषता: फ्रिज के तापमान (+4°C) पर भी बढ़ सकता है\n• रोकथाम: पास्चुरीकरण, जल्दी उपभोग\n\n3. एसचेरिचिया कोलाई (E. COLI)\n• स्रोत: कच्चा मांस, अपास्चुरीकृत दूध, गंदा पानी\n• लक्षण: खूनी दस्त, गुर्दे की विफलता\n• रोकथाम: अच्छी तरह पकाना, हाथों की स्वच्छता\n\n4. कैम्पिलोबैक्टर (CAMPYLOBACTER)\n• स्रोत: पोल्ट्री (80% चिकन)\n• लक्षण: तीव्र पेट दर्द, दस्त\n• रोकथाम: चिकन मांस को अच्छी तरह पकाना, क्रॉस-संदूषण रोकना\n\n5. स्टैफिलोकोकस ऑरियस (STAPHYLOCOCCUS AUREUS)\n• स्रोत: मानव नाक-गला, त्वचा के घाव\n• विशेषता: पकाने से नहीं मरता, विष (टॉक्सिन) बनाता है\n• रोकथाम: दस्ताने का उपयोग, घाव पर पट्टी\n\nयाद रखने वाली बात: बैक्टीरिया 5°C-60°C **ख़तरे के क्षेत्र** में हर 20 मिनट में दोगुने हो जाते हैं!"
  },

  "virus_mantar_parazitler": {
    "baslik": "वायरस, फंगस और परजीवी के ख़तरे",
    "icerik": "बैक्टीरिया के अलावा अन्य सूक्ष्मजीव:\n\nवायरस:\n• नोरोवायरस: उल्टी, दस्त (सबसे आम)\n• हेपेटाइटिस ए: पीलिया, यकृत की सूजन\n• प्रसार: गंदे हाथ, दूषित पानी\n• रोकथाम: हाथों की स्वच्छता, साफ़ पानी\n\nफंगस:\n• फफूंदी: ब्रेड, पनीर, फल\n• यीस्ट: ख़राब होने का संकेत\n• रोकथाम: फफूंदी लगे भोजन को फेंकना\n\nपरजीवी:\n• जियार्डिया: गंदा पानी, कच्ची सब्ज़ियाँ\n• क्रिप्टोस्पोरिडियम: जानवरों का मल\n• रोकथाम: सब्ज़ी धोना, वॉटर फ़िल्टर\n\nयाद रखने वाली बात: नोरोवायरस एक व्यक्ति से 1000 लोगों तक फैल सकता है! हाथ धोना सबसे प्रभावी बचाव है।"
  },

  "temizlik_kimyasallari": {
    "baslik": "सफ़ाई रसायन और खुराक",
    "icerik": "सही रसायन का उपयोग:\n\nरसायन के प्रकार:\n• डिटर्जेंट: तेल और गंदगी को घोलता है\n• कीटाणुनाशक (डिसइन्फेक्टेंट): सूक्ष्मजीवों को मारता है\n• सैनिटाइज़र: सतह पर रोगाणुओं को कम करता है\n\nएकाग्रता का महत्व:\n• कम खुराक: अप्रभावी\n• ज़्यादा खुराक: विषैला, अवशेष का जोखिम\n• निर्देशों के अनुसार पतला करें\n\nउपयोग का क्रम:\n1. पहले डिटर्जेंट से साफ़ करें\n2. धोएँ\n3. कीटाणुनाशक लगाएँ\n4. संपर्क समय की प्रतीक्षा करें\n5. यदि आवश्यक हो तो धोएँ\n\nयाद रखने वाली बात: ब्लीच (सोडियम हाइपोक्लोराइट) को अमोनिया के साथ कभी न मिलाएँ! ज़हरीली गैस बनती है।"
  }
}
