{
  "gida_guvenligi_temelleri": {
    "baslik": "খাদ্য নিরাপত্তার মৌলিক নীতি",
    "icerik": "খাদ্য নিরাপত্তা বলতে খাদ্য উৎপাদন থেকে ভোক্তার প্লেট পর্যন্ত সব পর্যায়ে খাদ্য স্বাস্থ্যকর ও নিরাপদ রাখাকে বোঝায়। HACCP (হ্যাজার্ড অ্যানালিসিস ক্রিটিক্যাল কন্ট্রোল পয়েন্ট) সিস্টেম এ ক্ষেত্রে সবচেয়ে কার্যকর পদ্ধতি।\n\nমুখস্থ তথ্য: HACCP-এ 7টি নীতি এবং 12টি ধাপ আছে। মূল লক্ষ্য হল প্রতিরোধমূলক ব্যবস্থা নিয়ে ঝুঁকি নিয়ন্ত্রণ করা।"
  },

  "haccp_sistemi": {
    "baslik": "HACCP সিস্টেম এবং বাস্তবায়ন",
    "icerik": "HACCP হল খাদ্য নিরাপত্তা ঝুঁকি চিহ্নিত ও নিয়ন্ত্রণের জন্য ব্যবহৃত একটি বৈজ্ঞানিক পদ্ধতি।\n\n৭টি মৌলিক নীতি:\n১. বিপত্তি বিশ্লেষণ\n২. সমালোচনামূলক নিয়ন্ত্রণ বিন্দু (CCP)\n৩. সমালোচনামূলক সীমা\n৪. নিরীক্ষণ পদ্ধতি\n৫. সংশোধনমূলক কর্ম\n৬. যাচাইকরণ\n৭. ডকুমেন্টেশন\n\nমুখস্থ তথ্য: CCPগুলি রান্না, শীতলীকরণ, সংরক্ষণের মতো ঝুঁকি নিয়ন্ত্রণ করা যায় এমন পয়েন্ট।"
  },

  "haccp_kritik_noktalar": {
    "baslik": "HACCP সমালোচনামূলক নিয়ন্ত্রণ বিন্দু (CCP)",
    "icerik": "HACCP সিস্টেমের সমালোচনামূলক নিয়ন্ত্রণ বিন্দু:\n\nCCP (সমালোচনামূলক নিয়ন্ত্রণ বিন্দু):\n১. রান্না: 75°C অভ্যন্তরীণ তাপমাত্রা\n২. শীতলীকরণ: 60°C → 21°C (2 ঘন্টা), 21°C → 5°C (4 ঘন্টা)\n৩. গরম করা: 75°C এর উপরে\n৪. সংরক্ষণ: ঠান্ডা 0-4°C, গরম 60°C এর উপরে\n\nরেকর্ড বাধ্যতামূলক:\n• তাপমাত্রা রেকর্ড\n• পরিষ্কারের রেকর্ড\n• কর্মীদের প্রশিক্ষণ রেকর্ড\n• সরবরাহকারীর নথি\n• গ্রাহকের অভিযোগ রেকর্ড\n\nমুখস্থ তথ্য: HACCP রেকর্ড কমপক্ষে 1 বছর সংরক্ষণ করতে হবে।"
  },

  "stok_yonetimi": {
    "baslik": "স্টক রোটেশন এবং FIFO সিস্টেম",
    "icerik": "FIFO (ফার্স্ট ইন ফার্স্ট আউট) সিস্টেম খাদ্য বর্জ্য রোধ করে এবং তাজাত্ব নিশ্চিত করে।\n\nবাস্তবায়নের ধাপ:\n১. নতুন পণ্য পিছনে/নিচে\n২. পুরানো পণ্য সামনে/উপরে\n৩. স্পষ্ট লেবেলিং (তারিখ, বিষয়বস্তু)\n৪. নিয়মিত পরীক্ষা\n\nলেবেল তথ্য:\n• উৎপাদন/বিতরণ তারিখ\n• মেয়াদ শেষ হওয়ার তারিখ\n• বিষয়বস্তুর তথ্য\n• প্রস্তুতকারী কর্মী\n\nমুখস্থ তথ্য: মেয়াদ শেষ হওয়া পণ্য অবিলম্বে ধ্বংস করতে হবে।"
  },

  "gida_alerjileri": {
    "baslik": "খাদ্য অ্যালার্জি এবং অ্যানাফিল্যাক্সিস ব্যবস্থাপনা",
    "icerik": "খাদ্য অ্যালার্জি জীবনকে হুমকির মুখে ফেলতে পারে। সমালোচনামূলক 8টি অ্যালার্জেন এবং ব্যবস্থাপনা:\n\nপ্রাথমিক 8টি অ্যালার্জেন:\n১. দুধ ✓\n২. ডিম ✓\n৩. চিনাবাদাম ✓\n৪. বাদাম-আখরোট ✓\n৫. মাছ ✓\n৬. শেলফিশ ✓\n৭. সয়া ✓\n৮. গম/গ্লুটেন ✓\n\nঅ্যানাফিল্যাক্সিস লক্ষণ:\n• শ্বাসকষ্ট, শ্বাসনালীতে সাঁ সাঁ শব্দ\n• জিহ্বা/গলা ফুলে যাওয়া\n• ফুসকুড়ি, চুলকানি\n• অজ্ঞান হওয়া, রক্তচাপ কমে যাওয়া\n\nজরুরী সাহায্য:\n• এপিনেফ্রিন অটো-ইনজেক্টর\n• 112-এ কল করুন\n• পিঠের উপর শুইয়ে দিন\n\nক্রস কন্টামিনেশন প্রতিরোধ:\n• আলাদা কাটিং বোর্ড\n• আলাদা রান্নাঘরের সরঞ্জাম\n• পরিষ্কারের পর জীবাণুমুক্তকরণ\n• কর্মীদের প্রশিক্ষণ\n• মেনু লেবেলিং\n\nমুখস্থ তথ্য: চিনাবাদাম অ্যালার্জি সবচেয়ে মারাত্মক! ক্রস কন্টামিনেশন প্রতিরোধ বাধ্যতামূলক।"
  },

  "soguk_zincir": {
    "baslik": "কোল্ড চেইন এবং পরিবহন নিয়ম",
    "icerik": "কোল্ড চেইন ভাঙা যাবে না!\n\nসমালোচনামূলক তাপমাত্রা:\n• পরিবহন: ঠান্ডা 0-4°C, হিমায়িত -18°C\n• সংরক্ষণ: একই তাপমাত্রা\n• নিয়ন্ত্রণ: দৈনিক থার্মোমিটার রিডিং\n\nকোল্ড চেইন ব্রেক:\n• 4 ঘন্টার বেশি 5-60°C-এ থাকা খাদ্য বাতিল\n• হিমায়িত খাদ্য গলে গেলে পুনরায় ফ্রিজে রাখা যাবে না\n• তাপমাত্রা রেকর্ড 6 মাস সংরক্ষণ\n\nপরিবহন নিয়ম:\n• পরিষ্কার গাড়ি\n• গরম-ঠান্ডা আলাদা\n• দ্রুত লোড-আনলোড\n• থার্মোমিটার নিয়ন্ত্রণ\n\nমুখস্থ তথ্য: কোল্ড চেইন ভাঙলে খাদ্য 4 ঘন্টার মধ্যে খেতে হবে বা বাতিল করতে হবে।"
  },

  "gida_kaynakli_hastaliklar": {
    "baslik": "খাদ্যবাহিত রোগ এবং সুরক্ষা",
    "icerik": "সবচেয়ে সাধারণ খাদ্য বিষক্রিয়া:\n\nবটুলিজম (CLOSTRIDIUM BOTULINUM):\n• উৎস: ক্যানড খাবার, ভ্যাকুয়াম প্যাক\n• লক্ষণ: ডাবল ভিশন, প্যারালাইসিস, শ্বাস বন্ধ\n• প্রতিরোধ: ক্যান নিয়ন্ত্রণ, উপযুক্ত তাপ চিকিত্সা\n\nশিগেলা (ব্যাকটেরিয়াল ডিসেন্ট্রি):\n• উৎস: নোংরা পানি, স্বাস্থ্যবিধির অভাব\n• লক্ষণ: রক্তযুক্ত ডায়রিয়া, জ্বর\n• প্রতিরোধ: হাতের স্বাস্থ্যবিধি, পরিষ্কার পানি\n\nব্রুসেলা:\n• উৎস: পাস্তুরাইজড নয় এমন দুগ্ধজাত\n• লক্ষণ: ওঠানামা জ্বর, জয়েন্টে ব্যথা\n• প্রতিরোধ: পাস্তুরাইজেশন\n\nভিব্রিও:\n• উৎস: কাঁচা সামুদ্রিক খাবার\n• লক্ষণ: তীব্র ডায়রিয়া, বমি\n• প্রতিরোধ: ভালোভাবে রান্না\n\nমুখস্থ তথ্য: ক্যানের ঢাকনা ফুলে গেলে কখনই খাবেন না! বটুলিজম ঝুঁকি আছে।"
  },

  "tedarikci_yonetimi": {
    "baslik": "সরবরাহকারী ব্যবস্থাপনা এবং গুণমান নিয়ন্ত্রণ",
    "icerik": "নির্ভরযোগ্য সরবরাহকারীরা খাদ্য নিরাপত্তার ভিত্তি।\n\nসরবরাহকারী নির্বাচন মানদণ্ড:\n• খাদ্য নিরাপত্তা সার্টিফিকেট\n• নিয়মিত অডিট রিপোর্ট\n• গুণমান নিয়ন্ত্রণ সিস্টেম\n• স্বাস্থ্যবিধি মান\n\nপণ্য গ্রহণ পদ্ধতি:\n• তাপমাত্রা নিয়ন্ত্রণ\n• মেয়াদ শেষ হওয়ার তারিখ নিয়ন্ত্রণ\n• প্যাকেজিং অখণ্ডতা\n• গুণমান নিয়ন্ত্রণ রেকর্ড\n\nপ্রত্যাখ্যান মানদণ্ড:\n• তাপমাত্রা অসামঞ্জস্য\n• মেয়াদ শেষ হওয়ার তারিখ পার\n• ক্ষতিগ্রস্ত প্যাকেজিং\n• অনুপযুক্ত সংরক্ষণ\n\nমুখস্থ তথ্য: সরবরাহকারীদের বছরে কমপক্ষে 1 বার অডিট করতে হবে।"
  },

  "is_sagligi_temelleri": {
    "baslik": "কর্মক্ষেত্র স্বাস্থ্য ও নিরাপত্তার মৌলিক বিষয়",
    "icerik": "কর্মক্ষেত্রে সবার স্বাস্থ্য ও নিরাপত্তার জন্য নিয়োগকর্তা এবং কর্মচারী উভয়ই দায়ী।\n\nমৌলিক নীতি:\n• ঝুঁকি মূল্যায়ন\n• প্রতিরোধমূলক ব্যবস্থা\n• প্রশিক্ষণ এবং সচেতনতা\n• জরুরী পরিকল্পনা\n• নিয়মিত তদারকি\n\nমুখস্থ তথ্য: কর্মক্ষেত্র দুর্ঘটনার 88% অসুরক্ষিত আচরণ থেকে হয়।"
  },

  "yangin_guvenligi": {
    "baslik": "অগ্নি প্রতিরোধ এবং নিরাপত্তা",
    "icerik": "রান্নাঘরে অগ্নি ঝুঁকি বেশি।\n\nঅগ্নি সৃষ্টিকারী কারণ:\n• অত্যধিক গরম তেল\n• বিদ্যুতের ওভারলোড\n• এক্সহস্ট ফিল্টারে তেল জমা\n• খোলা শিখা\n\nপ্রতিরোধ ব্যবস্থা:\n• নিয়মিত পরিষ্কার\n• বৈদ্যুতিক নিয়ন্ত্রণ\n• অগ্নি নির্বাপক রাখা\n• জরুরী প্রস্থান খোলা রাখা\n\nমুখস্থ তথ্য: তেলের আগুনে কখনই পানি ব্যবহার করবেন না! অগ্নি কম্বল বা কার্বন ডাই অক্সাইড নির্বাপক ব্যবহার করুন।"
  },

  "kimyasal_guvenlik": {
    "baslik": "রাসায়নিক নিরাপত্তা",
    "icerik": "পরিষ্কারের রাসায়নিক সঠিকভাবে ব্যবহার না করলে স্বাস্থ্য ঝুঁকি তৈরি করে।\n\nরাসায়নিক প্রকার:\n• ক্ষয়কারী: ত্বক ও চোখের ক্ষতি\n• দাহ্য: আগুনের সংস্পর্শে জ্বলে\n• বিষাক্ত: বিষাক্ত প্রভাব\n• জ্বালাতনকারী: ত্বক ও শ্বাসনালীতে জ্বালা\n\nনিরাপদ ব্যবহার:\n• লেবেল পড়া\n• প্রতিরক্ষামূলক সরঞ্জাম\n• উপযুক্ত সংরক্ষণ\n• খাদ্য থেকে আলাদা রাখা\n\nমুখস্থ তথ্য: রাসায়নিক কখনই মূল পাত্র之外 সংরক্ষণ করবেন না।"
  },

  "kesici_alet_guvenligi": {
    "baslik": "ধারালো সরঞ্জাম দিয়ে কাজের নিরাপত্তা",
    "icerik": "ছুরি এবং ধারালো সরঞ্জামের দুর্ঘটনা রান্নাঘরে সাধারণ।\n\nনিরাপদ ব্যবহার নিয়ম:\n• ধারালো ছুরি ব্যবহার করুন (ভোঁতা ছুরি বেশি বিপজ্জনক)\n• কাটার দিক শরীর থেকে দূরে\n• উপযুক্ত কাটিং বোর্ড ব্যবহার\n• বহনের সময় কভারে বহন\n• আলাদা করে ধোয়া\n\nবৈদ্যুতিক সরঞ্জাম:\n• পাওয়ার ক্যাবল সঠিক\n• পরিষ্কারের আগে বিদ্যুৎ বন্ধ\n• পুশার টুল ব্যবহার\n\nমুখস্থ তথ্য: ছুরি পড়ে গেলে কখনই ধরার চেষ্টা করবেন না।"
  },

  "kisisel_koruyucu_ekipman": {
    "baslik": "ব্যক্তিগত সুরক্ষামূলক সরঞ্জাম (PPE)",
    "icerik": "সঠিক PPE ব্যবহার কাজের দুর্ঘটনা উল্লেখযোগ্যভাবে কমায়।\n\nমৌলিক PPE:\n• কাজের জুতা: নন-স্লিপ সোল, ক্লোজড টো\n• এপ্রন: ওয়াটারপ্রুফ, পরিষ্কার\n• গ্লাভস: গরম উপাদান, ধারালো সরঞ্জাম, রাসায়নিকের জন্য বিভিন্ন প্রকার\n• সুরক্ষা চশমা: ছিটকে পড়া থেকে\n• মাস্ক: ধুলো এবং বাষ্প থেকে\n\nমুখস্থ তথ্য: PPE নিয়মিত পরীক্ষা করতে হবে, ক্ষতিগ্রস্তগুলি পরিবর্তন করতে হবে।"
  },

  "ilk_yardim": {
    "baslik": "প্রাথমিক চিকিৎসা এবং জরুরী হস্তক্ষেপ",
    "icerik": "বেসিক ফার্স্ট এইড জ্ঞান জীবন বাঁচাতে পারে।\n\nফার্স্ট এইড কিট বিষয়বস্তু:\n• স্টেরাইল ড্রেসিং\n• আঠালো টেপ\n• কাঁচি, টুইজার\n• গ্লাভস, মাস্ক\n• ক্লিনিং ওয়াইপস\n• বার্ন ড্রেসিং\n\nজরুরী অবস্থা:\n• কাটা: পরিষ্কার করুন, চাপ দিন\n• পোড়া: ঠান্ডা পানি, স্টেরাইল কভার\n• অজ্ঞান: পা উপরে তুলুন\n• বিষক্রিয়া: 112-এ কল করুন\n\nমুখস্থ তথ্য: রক্তপাতের সময় পরিষ্কার গ্লাভস ব্যবহার করুন, সরাসরি ক্ষতিতে চাপ দিন।"
  },

  "ergonomi": {
    "baslik": "আরগোনমিক্স এবং সঠিক কাজের ভঙ্গি",
    "icerik": "ভুল ভঙ্গি পেশী-কঙ্কাল সমস্যা সৃষ্টি করে।\n\nসঠিক ভঙ্গি:\n• ভারী উত্তোলন: হাঁটু ভাঁজ করে, পিঠ সোজা\n• দাঁড়িয়ে কাজ: অ্যান্টি-ফ্যাটিগ ম্যাট ব্যবহার\n• কাটার কাজ: সঠিক উচ্চতার কাউন্টার\n• পুনরাবৃত্তিমূলক আন্দোলন: বিরতি নিন\n\nপ্রতিরোধ ব্যবস্থা:\n• নিয়মিত ব্যায়াম\n• সঠিক জুতা\n• পর্যাপ্ত বিশ্রাম\n• আরগোনমিক সরঞ্জাম\n\nমুখস্থ তথ্য: ওজন তোলার সময় কখনই কোমর থেকে বাঁকবেন না, সবসময় হাঁটু ভাঁজ করুন।"
  },

  "acil_durum_prosedurleri": {
    "baslik": "জরুরী অবস্থার পদ্ধতি",
    "icerik": "জরুরী অবস্থায় দ্রুত এবং সঠিক হস্তক্ষেপ জীবন বাঁচায়।\n\nজরুরী অবস্থা:\n• খাদ্য বিষক্রিয়া সন্দেহ\n• অগ্নিকাণ্ড\n• বিদ্যুৎ বিভ্রাট\n• পানি বিভ্রাট\n• পোকামাকড় আক্রমণ\n\nহস্তক্ষেপ পদ্ধতি:\n• 112-এ কল করুন\n• গ্রাহকদের জানান\n• খাদ্য আলাদা করুন\n• রেকর্ড রাখুন\n• কর্তৃপক্ষকে জানান\n\nরিকল পদ্ধতি:\n• ব্যাচ নম্বর সনাক্তকরণ\n• গ্রাহক তালিকা তৈরি\n• সরকারী কর্তৃপক্ষকে জানানো\n• জনসাধারণকে ঘোষণা\n\nমুখস্থ তথ্য: খাদ্য বিষক্রিয়া সন্দেহে অবিলম্বে স্বাস্থ্য অধিদপ্তরে রিপোর্ট করতে হবে।"
  }
}