{
  "kisisel_hijyen_temelleri": {
    "baslik": "ব্যক্তিগত স্বাস্থ্যবিধির মৌলিক নিয়ম",
    "icerik": "ব্যক্তিগত স্বাস্থ্যবিধি হল স্বাস্থ্য রক্ষা এবং রোগের বিস্তার রোধ করার জন্য আমরা যে পরিষ্কার-পরিচ্ছন্নতার নিয়ম মেনে চলি। এতে শরীরের পরিষ্কার-পরিচ্ছন্নতা, হাতের যত্ন, উপযুক্ত পোশাক নির্বাচন এবং স্বাস্থ্যকর অভ্যাসগুলি অন্তর্ভুক্ত। খাদ্য শিল্পে কাজ করা ব্যক্তিদের জন্য স্বাস্থ্যবিধি কেবল ব্যক্তিগত স্বাস্থ্যের জন্য নয়, বরং গ্রাহকদের নিরাপত্তার জন্যও অত্যন্ত গুরুত্বপূর্ণ।\n\nমুখস্থ তথ্য: প্রতিদিন গোসল, পরিষ্কার পোশাক, ছোট নখ - এগুলি হল মৌলিক স্বাস্থ্যবিধির ত্রয়ী।"
  },

  "el_hijyeni_detay": {
    "baslik": "হাতের স্বাস্থ্যবিধি এবং সঠিক ধোয়ার কৌশল",
    "icerik": "হাত হল সবচেয়ে বেশি জীবাণু বহনকারী শরীরের অংশ। সঠিকভাবে হাত ধোয়া খাদ্যবাহিত রোগ ৪০% কমাতে পারে।\n\nধোয়ার ধাপ:\n১. হালকা গরম পানি দিয়ে হাত ভেজানো\n২. পর্যাপ্ত সাবান নেওয়া\n৩. কমপক্ষে ২০ সেকেন্ড ঘষা (তালু, আঙ্গুলের ফাঁক, নখের ডগা, কব্জি)\n৪. ধুয়ে ফেলা\n৫. কাগজের তোয়ালে দিয়ে শুকানো\n\nমুখস্থ তথ্য: টয়লেট ব্যবহারের পর, খাওয়ার আগে, কাঁচা খাদ্য স্পর্শ করার পর অবশ্যই হাত ধুতে হবে।"
  },

  "is_giyim_kurallari": {
    "baslik": "কাজের স্থানে পোশাকের মান",
    "icerik": "খাদ্য প্রতিষ্ঠানে পোশাক নির্বাচন দূষণের ঝুঁকি কমাতে গুরুত্বপূর্ণ।\n\nবাধ্যতামূলক অনুশীলন:\n• হালকা রঙের, পরিষ্কার ইউনিফর্ম\n• চুলের নেট/ওড়না (সমস্ত চুল ঢাকবে)\n• মুখ-নাক মাস্ক\n• বিশেষ কাজের জুতা\n• গহনা, ঘড়ি, আংটি নিষিদ্ধ\n\nমুখস্থ তথ্য: কাজের পোশাক বাইরে পরা যাবে না, শুধুমাত্র নির্দিষ্ট এলাকায় পরিবর্তন করতে হবে।"
  },

  "hastalik_durumlari": {
    "baslik": "অসুস্থতার অবস্থায় কাজের নিয়ম",
    "icerik": "কিছু রোগের লক্ষণ দেখা দিলে কাজে আসা উচিত নয় বা অবিলম্বে চলে যাওয়া উচিত।\n\nকাজে না আসার অবস্থা:\n• জ্বর (৩৮°সে এর উপরে)\n• ডায়রিয়া\n• বমি\n• জন্ডিসের লক্ষণ\n• খোলা ক্ষত/সংক্রমণ\n\nমুখস্থ তথ্য: জ্বর সহ গলা ব্যথা থাকলে কর্মী কমপক্ষে ৪৮ ঘন্টা কাজে আসতে পারবে না।"
  },

  "calsima_alani_kurallari": {
    "baslik": "কাজের এলাকায় স্বাস্থ্যবিধি নিয়ম",
    "icerik": "খাদ্য প্রক্রিয়াকরণ এলাকায় মেনে চলতে হবে এমন গুরুত্বপূর্ণ নিয়ম:\n\nনিষিদ্ধ:\n• সরাসরি হাত দিয়ে উচ্চ ঝুঁকিপূর্ণ খাদ্য স্পর্শ\n• গ্লাভস পরে বিভিন্ন পৃষ্ঠতল স্পর্শ\n• কাজ করার সময় খাওয়া-পান করা\n• ধূমপান\n• মোবাইল ফোন ব্যবহার\n\nবাধ্যতামূলক:\n• গ্লাভস ৩০ মিনিট পরপর পরিবর্তন\n• হাঁচি দিলে খাদ্য থেকে সরে যাওয়া\n• খোলা ক্ষত জলরোধী ব্যান্ডেজ দিয়ে ঢাকা"
  },

  "su_guvenligi": {
    "baslik": "পানি নিরাপত্তা এবং ব্যবহার",
    "icerik": "পরিষ্কার পানি ব্যবহার স্বাস্থ্যবিধির জন্য গুরুত্বপূর্ণ।\n\nনিরাপদ পানি ব্যবহার:\n• মিউনিসিপ্যাল পানি ব্যবহার করা উচিত\n• স্টোরেজ পানি ক্লোরিনেট করা উচিত\n• পানি ফিল্টার নিয়মিত পরিবর্তন করা উচিত\n• বরফ তৈরিতে পরিষ্কার পানি ব্যবহার করা উচিত\n\nমুখস্থ তথ্য: বরফও একটি খাদ্য! বরফ তৈরিতে নোংরা পানি ব্যবহার করা যাবে না।"
  },

  "hijyen_egitimi": {
    "baslik": "স্বাস্থ্যবিধি প্রশিক্ষণ এবং তদারকি",
    "icerik": "নিয়মিত স্বাস্থ্যবিধি প্রশিক্ষণ এবং তদারকি প্রয়োজন।\n\nপ্রশিক্ষণের বিষয়:\n• ব্যক্তিগত স্বাস্থ্যবিধি\n• হাত ধোয়ার কৌশল\n• পরিষ্কারের পদ্ধতি\n• অ্যালার্জেন ব্যবস্থাপনা\n• জরুরী অবস্থার পদ্ধতি\n\nতদারকি পয়েন্ট:\n• হাত ধোয়ার স্টেশন\n• তাপমাত্রা নিয়ন্ত্রণ\n• পরিষ্কারের রেকর্ড\n• কর্মীদের স্বাস্থ্য পরীক্ষা\n\nমুখস্থ তথ্য: স্বাস্থ্যবিধি প্রশিক্ষণ বছরে কমপক্ষে ১ বার সমস্ত কর্মীদের দিতে হবে।"
  },

  "temizlik_dezenfeksiyon": {
    "baslik": "পরিষ্কার এবং জীবাণুমুক্তকরণের পার্থক্য",
    "icerik": "পরিষ্কার হল দৃশ্যমান ময়লা removal, জীবাণুমুক্তকরণ হল অদৃশ্য microorganisms ধ্বংস করা।\n\n৬-ধাপ পরিষ্কার:\n১. প্রাথমিক পরিষ্কার (দৃশ্যমান ময়লা)\n২. মূল পরিষ্কার (ডিটারজেন্ট সহ)\n৩. ধোয়া\n৪. জীবাণুমুক্তকরণ\n৫. চূড়ান্ত ধোয়া\n৬. শুকানো\n\nমুখস্থ তথ্য: পরিষ্কার ছাড়া জীবাণুমুক্তকরণ অকার্যকর। প্রথমে পরিষ্কার, তারপর জীবাণুমুক্তকরণ করতে হবে।"
  },

  "yuzey_temizligi": {
    "baslik": "পৃষ্ঠতল পরিষ্কার এবং ৪-ধাপ পদ্ধতি",
    "icerik": "দ্রুত এবং কার্যকর পৃষ্ঠতল পরিষ্কারের জন্য:\n\n৪ ধাপ:\n১. দৃশ্যমান অবশিষ্টাংশ পরিষ্কার\n২. জীবাণুনাশক প্রয়োগ এবং ঘষা\n৩. যোগাযোগের সময় অপেক্ষা (৩০ সেকেন্ড-৫ মিনিট)\n৪. শুকাতে দেওয়া\n\nগুরুত্বপূর্ণ: খাদ্য সংস্পর্শ পৃষ্ঠতল প্রতিটি ব্যবহারের পর, অন্যান্য পৃষ্ঠতল দিনে ২-৩ বার পরিষ্কার করতে হবে।"
  },

  "alet_temizligi": {
    "baslik": "যন্ত্রপাতি এবং সরঞ্জাম পরিষ্কার",
    "icerik": "রান্নাঘরের যন্ত্রপাতির পরিষ্কার ক্রস কন্টামিনেশন রোধ করে।\n\nতিন বালতি পদ্ধতি:\n১. বালতি: গরম পানি + ডিটারজেন্ট (৫০°সে)\n২. বালতি: ধোয়ার পানি\n৩. বালতি: জীবাণুনাশক পানি\n\nদুই বালতি পদ্ধতি (ছোট প্রতিষ্ঠান):\n১. পরিষ্কার + ধোয়া\n২. জীবাণুমুক্তকরণ\n\nমুখস্থ তথ্য: ছুরির হাতল এবং কাটিং বোর্ডের খাঁজ是最 বেশি ব্যাকটেরিয়া জমে的地方।"
  },

  "bulasik_yikama_teknikleri": {
    "baslik": "বাসন ধোয়ার পদ্ধতি",
    "icerik": "বাসন ধোয়ার জন্য দুটি মৌলিক পদ্ধতি ব্যবহার করা হয়:\n\nমেশিনে ধোয়া:\n• তাপমাত্রা: ৬০-৬৫°সে ধোয়া, ৮২-৮৫°সে ধোয়া\n• রাসায়নিক: বিশেষ ডিশওয়াশার ডিটারজেন্ট\n• নিয়ন্ত্রণ: মেশিনের তাপমাত্রা এবং সময় সেটিংস\n\nহাতে ধোয়া (৩ বালতি):\n১. বালতি: গরম পানি + ডিটারজেন্ট (৪৫-৫০°সে)\n২. বালতি: পরিষ্কার গরম পানি দিয়ে ধোয়া\n৩. বালতি: জীবাণুনাশক পানি (৩০ সেকেন্ড রেখে দেওয়া)\n\nশুকানো:\n• প্রাকৃতিক শুকানো র্যাক\n• পরিষ্কার তোয়ালে দিয়ে মুছা (ঝুঁকিপূর্ণ)\n• বাতাসে শুকানো (পছন্দনীয়)\n\nমুখস্থ তথ্য: ডিশওয়াশার rinsing পানির তাপমাত্রা ৮২°সে হওয়া উচিত। এই তাপমাত্রা জীবাণুমুক্তকরণ নিশ্চিত করে।"
  },

  "sebze_dezenfeksiyonu": {
    "baslik": "শাকসবজি ধোয়া এবং জীবাণুমুক্তকরণ",
    "icerik": "শাকসবজি কীটনাশক, মাটি এবং microorganisms বহন করতে পারে।\n\nসঠিক পদ্ধতি:\n১. চলমান পানি দিয়ে ধোয়া\n২. বিশেষ ব্রাশ দিয়ে ঘষা\n৩. জীবাণুনাশক দ্রবণে ভিজিয়ে রাখা\n৪. ভালোভাবে ধোয়া\n৫. শুকানো\n\nমুখস্থ তথ্য: সবুজ পাতাযুক্ত শাকসবজি是最 ঝুঁকিপূর্ণ গ্রুপ। পাতার মধ্যবর্তী স্থান ভালোভাবে পরিষ্কার করতে হবে।"
  },

  "hasere_kontrolu": {
    "baslik": "কীটপতঙ্গ নিয়ন্ত্রণ এবং প্রতিরোধ",
    "icerik": "কীটপতঙ্গ খাদ্য, আর্দ্রতা এবং তাপমাত্রার কারণে প্রতিষ্ঠানে আসে।\n\nসাধারণ কীটপতঙ্গ:\n• তেলাপোকা\n• পিঁপড়া\n• মাছি\n• ইঁদুর\n\nপ্রতিরোধ পদ্ধতি:\n• দরজা-জানালায় জাল\n• নিয়মিত পরিষ্কার\n• খাদ্য বন্ধ রাখা\n• আবর্জনার এলাকা পরিষ্কার রাখা\n\nমুখস্থ তথ্য: একটি তেলাপোকা ৩৩种不同的 ব্যাকটেরিয়া বহন করতে পারে!"
  },

  "eldiven_kullanimi": {
    "baslik": "সঠিক গ্লাভস ব্যবহার",
    "icerik": "গ্লাভস ভুলভাবে ব্যবহার করলে নিরাপত্তার বদলে ঝুঁকি তৈরি করে।\n\nগ্লাভস নিয়ম:\n• পরার আগে হাত ধুতে হবে\n• ৩০ মিনিট পরপর পরিবর্তন\n• বিভিন্ন কাজের মধ্যে পরিবর্তন\n• কাঁচা-রান্না করা খাদ্যের মধ্যে পরিবর্তন\n• গ্লাভস পরে পৃষ্ঠতল স্পর্শ না করা\n\nমুখস্থ তথ্য: গ্লাভস microorganisms বৃদ্ধির জন্য আদর্শ environment। দীর্ঘ সময় ব্যবহার করা উচিত নয়।"
  },

  "cig_pismis_ayrimi": {
    "baslik": "কাঁচা-রান্না করা খাদ্য পৃথকীকরণ",
    "icerik": "ক্রস কন্টামিনেশন সবচেয়ে বেশি দেখা যায় এমন area।\n\nপ্রতিরোধ measures:\n• আলাদা কাটিং বোর্ড ব্যবহার\n• আলাদা ছুরি ব্যবহার\n• হাত এবং যন্ত্রপাতি পরিষ্কার\n• রান্না করা খাদ্য কাঁচা খাদ্য area-এ রাখা\n• cold chain রক্ষা\n\nমুখস্থ তথ্য: মুরগি এবং লাল মাংস是最 ঝুঁকিপূর্ণ কাঁচা খাদ্য। রান্না করা খাদ্যের সাথে contact সম্পূর্ণভাবে prevent করতে হবে।"
  },

  "sicaklik_kontrolu": {
    "baslik": "তাপমাত্রা নিয়ন্ত্রণ এবং cold chain",
    "icerik": "Microorganisms ৫°সে-৬০°সে-এর মধ্যে দ্রুত বৃদ্ধি পায়।\n\nনিরাপদ তাপমাত্রা range:\n• রেফ্রিজারেটর: ০-৪°সে\n• গভীর ফ্রিজার: -১৮°সে নিচে\n• রান্না: ৭৫°সে উপরে\n• গরম রাখা: ৬০°সে উপরে\n\nমুখস্থ তথ্য: ৪ ঘন্টার বেশি ৫-৬০°সে-এর মধ্যে থাকা খাদ্য consumption করা উচিত নয়।"
  },

  "atık_yonetimi": {
    "baslik": "বর্জ্য ব্যবস্থাপনা এবং সংরক্ষণ",
    "icerik": "বর্জ্য কীটপতঙ্গ আকর্ষণ করে স্বাস্থ্যবিধি ঝুঁকি তৈরি করে।\n\nবর্জ্য ব্যবস্থাপনা নিয়ম:\n• ঢাকনাযুক্ত ডাস্টবিন ব্যবহার\n• দৈনিক খালি\n• ডাস্টবিন area পরিষ্কার রাখা\n• পুনর্ব্যবহার আলাদা\n• তরল বর্জ্য ছেঁকে\n\nমুখস্থ তথ্য: ডাস্টবিন খাদ্য প্রস্তুত এলাকা থেকে কমপক্ষে ৩ মিটার দূরে থাকা উচিত।"
  },

  "bakteri_cesitleri": {
    "baslik": "খাদ্যবাহিত ব্যাকটেরিয়া প্রকার এবং বৈশিষ্ট্য",
    "icerik": "খাদ্য বিষক্রিয়া সৃষ্টিকারী প্রধান ব্যাকটেরিয়া প্রকার এবং বৈশিষ্ট্য:\n\n১. সালমোনেলা\n• উৎস: পোল্ট্রি, ডিম, দুধ\n• লক্ষণ: জ্বর, ডায়রিয়া, পেট ব্যথা (১২-৭২ ঘন্টা)\n• প্রতিরোধ: ৭৫°সে-তে রান্না, কাঁচা-রান্না করা পৃথকীকরণ\n\n২. লিস্টেরিয়া মনোসাইটোজেনস\n• উৎস: পাস্তুরাইজড নয় এমন দুধ, পনির, প্রস্তুত খাদ্য\n• ঝুঁকি গ্রুপ: গর্ভবতী, বয়স্ক, immunity কম\n• বৈশিষ্ট্য: রেফ্রিজারেটর তাপমাত্রায় (+৪°সে) বৃদ্ধি পেতে পারে\n• প্রতিরোধ: পাস্তুরাইজেশন, দ্রুত consumption\n\n৩. ই. কোলাই\n• উৎস: কাঁচা মাংস, পাস্তুরাইজড নয় এমন দুধ, নোংরা পানি\n• লক্ষণ: রক্তযুক্ত ডায়রিয়া, kidney failure\n• প্রতিরোধ: ভালোভাবে রান্না, হাতের স্বাস্থ্যবিধি\n\n৪. ক্যাম্পাইলোব্যাক্টর\n• উৎস: পোল্ট্রি (৮০% মুরগি)\n• লক্ষণ: তীব্র পেট ব্যথা, ডায়রিয়া\n• প্রতিরোধ: মুরগির মাংস ভালোভাবে রান্না, ক্রস কন্টামিনেশন prevention\n\n৫. স্ট্যাফিলোকক্কাস অরিয়াস\n• উৎস: মানুষের নাক-গলা, ত্বকের ক্ষত\n• বৈশিষ্ট্য: রান্না করে মরে না, toxin তৈরি করে\n• প্রতিরোধ: গ্লাভস ব্যবহার, ক্ষত bandage\n\nমুখস্থ তথ্য: ব্যাকটেরিয়া ৫°সে-৬০°সে ঝুঁকি zone-এ প্রতি ২০ মিনিটে দ্বিগুণ হতে পারে!"
  },

  "virus_mantar_parazitler": {
    "baslik": "ভাইরাস, fungus এবং parasite ঝুঁকি",
    "icerik": "ব্যাকটেরিয়া ছাড়া অন্যান্য microorganisms:\n\nভাইরাস:\n• নোরোভাইরাস: বমি, ডায়রিয়া (সবচেয়ে সাধারণ)\n• হেপাটাইটিস এ: জন্ডিস, liver inflammation\n• বিস্তার: নোংরা হাত, দূষিত পানি\n• প্রতিরোধ: হাতের স্বাস্থ্যবিধি, পরিষ্কার পানি\n\nFungus:\n• ছত্রাক: রুটি, পনির, ফল\n• yeast: spoilage চিহ্ন\n• প্রতিরোধ: ছত্রাকযুক্ত খাদ্য ফেলে দেওয়া\n\nParasites:\n• জিয়ার্ডিয়া: নোংরা পানি, কাঁচা শাকসবজি\n• ক্রিপ্টোস্পোরিডিয়াম: প্রাণীর মল\n• প্রতিরোধ: শাকসবজি ধোয়া, পানি filter\n\nমুখস্থ তথ্য: নোরোভাইরাস একজন ব্যক্তি থেকে ১০০০ জনের মধ্যে ছড়াতে পারে! হাত ধোয়া是最 কার্যকর protection।"
  },

  "temizlik_kimyasallari": {
    "baslik": "পরিষ্কারের রাসায়নিক এবং dosage",
    "icerik": "সঠিক রাসায়নিক ব্যবহার:\n\nরাসায়নিক প্রকার:\n• ডিটারজেন্ট: তেল এবং ময়লা দূর করে\n• জীবাণুনাশক: microorganisms মেরে ফেলে\n• স্যানিটাইজার: পৃষ্ঠতলের জীবাণু কমায়\n\nসান্দ্রতা গুরুত্ব:\n• কম dosage: অকার্যকর\n• বেশি dosage: বিষাক্ত, residue ঝুঁকি\n• নির্দেশিকা অনুযায়ী dilution\n\nব্যবহারের ক্রম:\n১. প্রথমে ডিটারজেন্ট দিয়ে পরিষ্কার\n২. ধোয়া\n৩. জীবাণুনাশক প্রয়োগ\n৪. যোগাযোগের সময় অপেক্ষা\n৫. প্রয়োজন হলে ধোয়া\n\nমুখস্থ তথ্য: ব্লিচ (সোডিয়াম হাইপোক্লোরাইট) অ্যামোনিয়ার সাথে কখনই mix করা যাবে না! বিষাক্ত gas তৈরি হয়।"
  }
}